chromosome,start,end,population,genes,gene_biotypes,descriptions,T_within_myr,Tpooled_Twithin_ratio
chr1,245398000,245399000,EAS,SMYD3,protein_coding,SET and MYND domain containing 3,23.331180940046085,0.9705670125249158
chr10,134067000,134068000,EUR,ADGRA1,protein_coding,adhesion G protein-coupled receptor A1,23.145841165662706,0.8961162612246539
chr1,245398000,245399000,AFR,SMYD3,protein_coding,SET and MYND domain containing 3,22.933359658792856,0.9874032815325728
chr19,16062000,16063000,SAS,CYP4F11,protein_coding,cytochrome P450 family 4 subfamily F member 11,22.163470590508105,0.7727507484731065
chr22,18549000,18550000,EUR,MICAL3,protein_coding,microtubule associated monooxygenase%2C calponin and LIM domain containing 3,22.13367884393369,0.9581401194100314
chr10,134067000,134068000,AMR,ADGRA1,protein_coding,adhesion G protein-coupled receptor A1,22.119604964970957,0.9376914588266736
chr10,1239000,1240000,EUR,ADARB2,protein_coding,adenosine deaminase RNA specific B2 (inactive),21.49803691696057,0.9793417486905064
chr1,245398000,245399000,SAS,SMYD3,protein_coding,SET and MYND domain containing 3,21.43655804423699,1.0563484369519172
chr10,1239000,1240000,AMR,ADARB2,protein_coding,adenosine deaminase RNA specific B2 (inactive),21.371062417752952,0.9851604312464932
chr22,18549000,18550000,EAS,MICAL3,protein_coding,microtubule associated monooxygenase%2C calponin and LIM domain containing 3,21.339381838074885,0.9938041247601156
chr10,1239000,1240000,AFR,ADARB2,protein_coding,adenosine deaminase RNA specific B2 (inactive),21.134728343352965,0.996176753522874
chr10,1239000,1240000,EAS,ADARB2,protein_coding,adenosine deaminase RNA specific B2 (inactive),21.074986443595055,0.9990006458138324
chr22,18549000,18550000,AFR,MICAL3,protein_coding,microtubule associated monooxygenase%2C calponin and LIM domain containing 3,20.94698248121451,1.0124210353223306
chr22,18549000,18550000,AMR,MICAL3,protein_coding,microtubule associated monooxygenase%2C calponin and LIM domain containing 3,20.725247710400442,1.023252700611517
chr10,134067000,134068000,SAS,ADGRA1,protein_coding,adhesion G protein-coupled receptor A1,20.63972489233801,1.0049244724174144
chr10,134067000,134068000,AFR,ADGRA1,protein_coding,adhesion G protein-coupled receptor A1,20.575309327561918,1.0080706111421125
chr1,245398000,245399000,EUR,SMYD3,protein_coding,SET and MYND domain containing 3,20.337755748269988,1.1134205201370375
chr10,1239000,1240000,SAS,ADARB2,protein_coding,adenosine deaminase RNA specific B2 (inactive),20.182553526077566,1.043174494271291
chr5,1326000,1327000,EAS,SLC6A3,protein_coding,solute carrier family 6 member 3,20.175664656405626,0.9836426139555084
chr1,245398000,245399000,AMR,SMYD3,protein_coding,SET and MYND domain containing 3,20.157121989666432,1.123398201155279
chr5,1326000,1327000,AFR,SLC6A3,protein_coding,solute carrier family 6 member 3,19.941017952748474,0.9952171733630716
chr5,1326000,1327000,SAS,SLC6A3,protein_coding,solute carrier family 6 member 3,19.615996138882267,1.0117071486152636
chr10,134067000,134068000,EAS,ADGRA1,protein_coding,adhesion G protein-coupled receptor A1,19.370769731254402,1.070755831391022
chr19,16062000,16063000,EAS,CYP4F11,protein_coding,cytochrome P450 family 4 subfamily F member 11,19.262646361947986,0.8891217834642751
chr5,1326000,1327000,AMR,SLC6A3,protein_coding,solute carrier family 6 member 3,19.207738858246664,1.0332108150458352
chr5,1326000,1327000,EUR,SLC6A3,protein_coding,solute carrier family 6 member 3,18.877029278887612,1.0513117942298422
chr22,18549000,18550000,SAS,MICAL3,protein_coding,microtubule associated monooxygenase%2C calponin and LIM domain containing 3,18.82326879668628,1.1266462759243658
chr17,836000,837000,SAS,NXN,protein_coding,nucleoredoxin,18.799878856774452,0.9195924211750854
chr18,79453000,79454000,EUR,ATP9B,protein_coding,ATPase phospholipid transporting 9B (putative),18.389581232677507,0.997847199318442
chr18,79453000,79454000,AFR,ATP9B,protein_coding,ATPase phospholipid transporting 9B (putative),18.385186219368524,0.9980857365662572
chr18,79453000,79454000,AMR,ATP9B,protein_coding,ATPase phospholipid transporting 9B (putative),18.112893817284817,1.0130900293886314
chr18,79453000,79454000,EAS,ATP9B,protein_coding,ATPase phospholipid transporting 9B (putative),18.102726977102407,1.013659000264247
chr19,16062000,16063000,EUR,CYP4F11,protein_coding,cytochrome P450 family 4 subfamily F member 11,18.00111618728492,0.9514320284024584
chr14,94160000,94161000,AFR,EML1,protein_coding,EMAP like 1,17.980403637478393,0.8719205357900199
chr10,317000,318000,EAS,DIP2C,protein_coding,disco interacting protein 2 homolog C,17.976057692117504,0.9066248213775716
chr17,836000,837000,AFR,NXN,protein_coding,nucleoredoxin,17.717701778259887,0.975760080628101
chr17,836000,837000,EAS,NXN,protein_coding,nucleoredoxin,17.70224062592882,0.9766123103296376
chr18,79453000,79454000,SAS,ATP9B,protein_coding,ATPase phospholipid transporting 9B (putative),17.463756073808725,1.0507471618426143
chr16,493000,494000,EAS,RAB11FIP3,protein_coding,RAB11 family interacting protein 3,17.38603958076601,0.904732916883616
chr17,836000,837000,AMR,NXN,protein_coding,nucleoredoxin,17.165016547850207,1.0071779463483674
chr10,317000,318000,EUR,DIP2C,protein_coding,disco interacting protein 2 homolog C,16.906167462342754,0.963999684167954
chr8,142622000,142623000,EAS,MROH5,,,16.834783809624323,0.9712127961819712
chr14,94160000,94161000,AMR,EML1,protein_coding,EMAP like 1,16.819301999126044,0.9321125914812404
chr8,142622000,142623000,SAS,MROH5,,,16.65516319133744,0.981687016154134
chr10,317000,318000,SAS,DIP2C,protein_coding,disco interacting protein 2 homolog C,16.5835611145699,0.982752738184222
chr8,142622000,142623000,AFR,MROH5,,,16.554482027019386,0.987657447099723
chr14,94160000,94161000,EAS,EML1,protein_coding,EMAP like 1,16.37116605536158,0.9576277658106452
chr4,37554000,37555000,SAS,C4orf19,protein_coding,chromosome 4 open reading frame 19,16.313916847686542,0.8904883631311552
chr16,493000,494000,AFR,RAB11FIP3,protein_coding,RAB11 family interacting protein 3,16.17861260173783,0.9722540918787328
chr12,132198000,132199000,EAS,NOC4L,protein_coding,nucleolar complex associated 4 homolog,16.03264741271782,0.8407133344702105
chr8,142622000,142623000,AMR,MROH5,,,16.00906421508148,1.0213062573302318
chr19,16062000,16063000,AFR,CYP4F11,protein_coding,cytochrome P450 family 4 subfamily F member 11,15.998356060992505,1.0705373991103877
chr6,31209000,31210000,EUR,HLA-B,protein_coding,major histocompatibility complex%2C class I%2C B,15.990273132412652,0.9734353269868536
chr16,493000,494000,AMR,RAB11FIP3,protein_coding,RAB11 family interacting protein 3,15.917699401212177,0.9881906867623452
chr10,317000,318000,AMR,DIP2C,protein_coding,disco interacting protein 2 homolog C,15.888221630464821,1.0257623838113692
chr19,16062000,16063000,AMR,CYP4F11,protein_coding,cytochrome P450 family 4 subfamily F member 11,15.851658409848103,1.0804445847089723
chr9,149972000,149973000,EAS,EHMT1,protein_coding,euchromatic histone lysine methyltransferase 1,15.83678266341901,0.9779123699955986
chr6,31209000,31210000,AMR,HLA-B,protein_coding,major histocompatibility complex%2C class I%2C B,15.746045120615314,0.9885337325040604
chr9,149972000,149973000,AFR,EHMT1,protein_coding,euchromatic histone lysine methyltransferase 1,15.651631225803376,0.9894806134939694
chr9,149972000,149973000,SAS,EHMT1,protein_coding,euchromatic histone lysine methyltransferase 1,15.643182956609735,0.9900149931408656
chr9,149972000,149973000,AMR,EHMT1,protein_coding,euchromatic histone lysine methyltransferase 1,15.605203349471035,0.9924244702658264
chr10,317000,318000,AFR,DIP2C,protein_coding,disco interacting protein 2 homolog C,15.604284619997678,1.0444272513014046
chr6,31209000,31210000,EAS,HLA-B,protein_coding,major histocompatibility complex%2C class I%2C B,15.47815901783564,1.005642643761634
chr6,31209000,31210000,SAS,HLA-B,protein_coding,major histocompatibility complex%2C class I%2C B,15.465407695850741,1.0064718021908543
chr8,142622000,142623000,EUR,MROH5,,,15.445428700489927,1.058575826797581
chr17,836000,837000,EUR,NXN,protein_coding,nucleoredoxin,15.3695003414229,1.1248398276881777
chr6,31209000,31210000,AFR,HLA-B,protein_coding,major histocompatibility complex%2C class I%2C B,15.318848194439708,1.0161009860329464
chr13,13638000,13639000,EAS,GGT4P,,,15.210929557126603,0.8905547299569949
chr10,133310000,133311000,EUR,LRRC27,protein_coding,leucine rich repeat containing 27,15.165564510443023,0.9547172162237888
chr17,372000,373000,EUR,RFLNB,protein_coding,refilin B,15.016465530018644,0.8450835125091595
chr14,94160000,94161000,EUR,EML1,protein_coding,EMAP like 1,14.96751626198249,1.047433849337569
chr16,493000,494000,EUR,RAB11FIP3,protein_coding,RAB11 family interacting protein 3,14.675255038843655,1.0718534200138756
chr10,133310000,133311000,AMR,LRRC27,protein_coding,leucine rich repeat containing 27,14.56816281712372,0.9938676354477408
chr10,133310000,133311000,EAS,LRRC27,protein_coding,leucine rich repeat containing 27,14.5170705877574,0.9973655114746632
chr2,242310000,242311000,AMR,LOC124905349,lncRNA,uncharacterized LOC124905349,14.385921221787564,0.969102178165858
chr13,13638000,13639000,EUR,GGT4P,,,14.260782039608845,0.9498893697777396
chr16,493000,494000,SAS,RAB11FIP3,protein_coding,RAB11 family interacting protein 3,14.237246640018896,1.1048289532855602
chr13,13638000,13639000,SAS,GGT4P,,,14.15959748530791,0.9566772839550944
chr2,242310000,242311000,EAS,LOC124905349,lncRNA,uncharacterized LOC124905349,14.158389197491728,0.9846761094423512
chr4,37554000,37555000,EUR,C4orf19,protein_coding,chromosome 4 open reading frame 19,14.149741411697628,1.0266868267956024
chr10,133310000,133311000,AFR,LRRC27,protein_coding,leucine rich repeat containing 27,14.140760125429471,1.0239071594061644
chr17,372000,373000,EAS,RFLNB,protein_coding,refilin B,14.125648436385193,0.8983776916671117
chr6,31136000,31137000,AMR,HLA-C,protein_coding,major histocompatibility complex%2C class I%2C C,14.007539302838511,0.9586510882807446
chr16,95733000,95734000,EUR,CHMP1A,protein_coding,charged multivesicular body protein 1A,13.983031207587192,0.9413962976417096
chr6,29804000,29805000,EAS,HCG4P5,,,13.92384171525682,0.9697062587136062
chr17,372000,373000,AMR,RFLNB,protein_coding,refilin B,13.923457010965027,0.9114236087766916
chr4,37554000,37555000,EAS,C4orf19,protein_coding,chromosome 4 open reading frame 19,13.88654268722175,1.0461461457445476
chr4,37554000,37555000,AFR,C4orf19,protein_coding,chromosome 4 open reading frame 19,13.867146429194621,1.0476094115058598
chr6,29804000,29805000,AMR,HCG4P5,,,13.847285342086789,0.975067395743242
chr10,127830000,127831000,EUR,DOCK1,protein_coding,dedicator of cytokinesis 1,13.740120114860986,0.889563935668053
chr12,132198000,132199000,AFR,NOC4L,protein_coding,nucleolar complex associated 4 homolog,13.734543969800631,0.9813839102607532
chr6,31136000,31137000,SAS,HLA-C,protein_coding,major histocompatibility complex%2C class I%2C C,13.698426620009236,0.9802835879842372
chr6,29804000,29805000,AFR,HCG4P5,,,13.553016191727258,0.996238495226159
chr6,31136000,31137000,EUR,HLA-C,protein_coding,major histocompatibility complex%2C class I%2C C,13.518282698993227,0.9933467952849896
chr6,29804000,29805000,SAS,HCG4P5,,,13.44977881124695,1.0038853906899554
chr6,31136000,31137000,AFR,HLA-C,protein_coding,major histocompatibility complex%2C class I%2C C,13.433318580160565,0.9996295938840852
chr13,13638000,13639000,AMR,GGT4P,,,13.386013222173691,1.0119641329580324
chr13,13638000,13639000,AFR,GGT4P,,,13.370353689486063,1.0131493585539133
chr16,95733000,95734000,AFR,CHMP1A,protein_coding,charged multivesicular body protein 1A,13.353377537164922,0.9857860883506364
chr9,149972000,149973000,EUR,EHMT1,protein_coding,euchromatic histone lysine methyltransferase 1,13.326424715401043,1.162126076440543
chr2,242310000,242311000,AFR,LOC124905349,lncRNA,uncharacterized LOC124905349,13.310078989305625,1.0474338733946222
chr16,95733000,95734000,AMR,CHMP1A,protein_coding,charged multivesicular body protein 1A,12.992138696821515,1.0131952956945798
chr10,127842000,127843000,EAS,DOCK1,protein_coding,dedicator of cytokinesis 1,12.917541950218586,0.9672272114355476
chr16,95733000,95734000,SAS,CHMP1A,protein_coding,charged multivesicular body protein 1A,12.8961155400409,1.0207394441961797
chr6,31136000,31137000,EAS,HLA-C,protein_coding,major histocompatibility complex%2C class I%2C C,12.859683937340005,1.044220282724854
chr17,83461000,83462000,AMR,FOXK2,protein_coding,forkhead box K2,12.807802014210642,0.9714865783942062
chr2,242310000,242311000,EUR,LOC124905349,lncRNA,uncharacterized LOC124905349,12.670635348920092,1.1002942794139352
chr10,127842000,127843000,AFR,DOCK1,protein_coding,dedicator of cytokinesis 1,12.656156065700717,0.9872032246008716
chr17,83461000,83462000,AFR,FOXK2,protein_coding,forkhead box K2,12.578328329809679,0.989209967277439
chr17,83461000,83462000,EUR,FOXK2,protein_coding,forkhead box K2,12.497399619579518,0.9956157388167568
chr17,83461000,83462000,SAS,FOXK2,protein_coding,forkhead box K2,12.435545280963934,1.000567926408727
chr2,242310000,242311000,SAS,LOC124905349,lncRNA,uncharacterized LOC124905349,12.41793572096313,1.1226847927245895
chr12,132198000,132199000,AMR,NOC4L,protein_coding,nucleolar complex associated 4 homolog,12.410379605004234,1.0860957437028047
chr4,193197000,193198000,AFR,FRG1-DT,lncRNA,FRG1 divergent transcript,12.367824463790344,0.8809865729530282
chr10,127830000,127831000,SAS,DOCK1,protein_coding,dedicator of cytokinesis 1,12.321451499608338,0.9919866442939816
chr16,95733000,95734000,EAS,CHMP1A,protein_coding,charged multivesicular body protein 1A,12.29380398319059,1.0707486329397895
chr17,372000,373000,SAS,RFLNB,protein_coding,refilin B,12.234901046538253,1.037210467605003
chr1,569000,570000,EAS,LOC124903820,lncRNA,uncharacterized LOC124903820,12.123419396996914,0.8526783673111431
chr17,372000,373000,AFR,RFLNB,protein_coding,refilin B,12.066767052820458,1.051662585349628
chr10,127842000,127843000,AMR,DOCK1,protein_coding,dedicator of cytokinesis 1,11.999129480020367,1.0412587096351942
chr4,37554000,37555000,AMR,C4orf19,protein_coding,chromosome 4 open reading frame 19,11.926815275424419,1.2180412603428374
chr4,189771000,189772000,EUR,F11-AS1,lncRNA,F11 antisense RNA 1,11.921225637244707,0.8707562672228881
chr19,54680000,54681000,SAS,ZNF175,protein_coding,zinc finger protein 175,11.73501489824852,0.8334823706136862
chr6,29797000,29798000,SAS,HLA-U,,,11.66704004797417,0.9264837100313098
chr17,83461000,83462000,EAS,FOXK2,protein_coding,forkhead box K2,11.662915863820203,1.066852226391722
chr6,29797000,29798000,AMR,HLA-U,,,11.569615209193158,0.9342853978533312
chr2,308000,309000,EUR,LOC105373346,lncRNA,uncharacterized LOC105373346,11.462890788307854,0.9242168892001832
chr4,193205000,193206000,AMR,FRG1-DT,lncRNA,FRG1 divergent transcript,11.417163837216876,0.8900949554008818
chr1,569000,570000,EUR,LOC124903820,lncRNA,uncharacterized LOC124903820,11.33653903697936,0.9118636141012204
chr4,193197000,193198000,EAS,FRG1-DT,lncRNA,FRG1 divergent transcript,11.316298050008037,0.9628490908501248
chr12,132201000,132202000,SAS,NOC4L,protein_coding,nucleolar complex associated 4 homolog,11.286373782526283,1.1603213895075544
chr6,29804000,29805000,EUR,HCG4P5,,,11.205846427826543,1.2049100033259117
chr7,159822000,159823000,EAS,LOC124906653,,,11.136765091803655,0.9813631518297418
chr17,30839000,30840000,SAS,SSH2,protein_coding,slingshot protein phosphatase 2,11.080146414191907,0.8568868299046192
chr2,308000,309000,EAS,LOC105373346,lncRNA,uncharacterized LOC105373346,11.066114265953974,0.9573547688916828
chr6,29797000,29798000,EUR,HLA-U,,,11.063342807033251,0.9770394660336492
chr7,159822000,159823000,AMR,LOC124906653,,,11.002813353768557,0.9933105779656372
chr7,159822000,159823000,AFR,LOC124906653,,,10.997223820087433,0.9938154456506264
chr2,861000,862000,SAS,LINC01115,lncRNA,long intergenic non-protein coding RNA 1115,10.99367868397419,0.9003940837092821
chr2,88869000,88870000,EUR,IGK,other,immunoglobulin kappa locus,10.979211306656122,0.5095485175152534
chr17,30839000,30840000,EUR,SSH2,protein_coding,slingshot protein phosphatase 2,10.964312468748327,0.8659395254192177
chr2,308000,309000,AFR,LOC105373346,lncRNA,uncharacterized LOC105373346,10.921494841745012,0.9700317968486634
chr2,308000,309000,SAS,LOC105373346,lncRNA,uncharacterized LOC105373346,10.901689449579674,0.9717940796799884
chr7,159822000,159823000,EUR,LOC124906653,,,10.878914353310712,1.0046233049305933
chr4,189771000,189772000,AFR,F11-AS1,lncRNA,F11 antisense RNA 1,10.843984331069894,0.957257186997875
chr6,29797000,29798000,AFR,HLA-U,,,10.823186273496784,0.9987190717765108
chr1,569000,570000,AFR,LOC124903820,lncRNA,uncharacterized LOC124903820,10.785446831405885,0.9584561139885656
chr12,132810000,132811000,EUR,ANKLE2,protein_coding,ankyrin repeat and LEM domain containing 2,10.775611684730928,0.8987706846074341
chr15,23499000,23500000,AFR,ATP10A,protein_coding,ATPase phospholipid transporting 10A (putative),10.744636481063106,1.0072054417173504
chr2,861000,862000,EUR,LINC01115,lncRNA,long intergenic non-protein coding RNA 1115,10.71673041454634,0.9236626155879872
chr4,189771000,189772000,AMR,F11-AS1,lncRNA,F11 antisense RNA 1,10.716210712014867,0.9686709430760396
chr4,189771000,189772000,SAS,F11-AS1,lncRNA,F11 antisense RNA 1,10.681545833081033,0.9718145761693376
chr6,29794000,29795000,SAS,HLA-K,,,10.660577459933139,0.9344883786952194
chr6,160958000,160959000,EUR,SOD2,protein_coding,superoxide dismutase 2,10.610470864652578,0.9534010483707922
chr6,160958000,160959000,SAS,SOD2,protein_coding,superoxide dismutase 2,10.601457474051731,0.9542116327710276
chr7,159822000,159823000,SAS,LOC124906653,,,10.587519297728093,1.0322730551268138
chr4,189771000,189772000,EAS,F11-AS1,lncRNA,F11 antisense RNA 1,10.557161812284065,0.9832644531914356
chr15,23499000,23500000,AMR,ATP10A,protein_coding,ATPase phospholipid transporting 10A (putative),10.532709626898345,1.027471250642308
chr17,67676000,67677000,SAS,PRKCA,protein_coding,protein kinase C alpha,10.458112379652546,0.8673784069781332
chr15,23499000,23500000,EAS,ATP10A,protein_coding,ATPase phospholipid transporting 10A (putative),10.447726616199933,1.0358288200440815
chr6,29795000,29796000,EUR,HLA-K,,,10.44352041673849,0.9338333362049844
chr6,160958000,160959000,EAS,SOD2,protein_coding,superoxide dismutase 2,10.438530518668141,0.9691051846786404
chr2,861000,862000,EAS,LINC01115,lncRNA,long intergenic non-protein coding RNA 1115,10.422516566939164,0.9497363886808572
chr6,32529000,32530000,AMR,MTCO3P1,,,10.42020006594288,0.7891791977387641
chr4,193197000,193198000,SAS,FRG1-DT,lncRNA,FRG1 divergent transcript,10.385872566307128,1.0491065839365958
chr15,23499000,23500000,SAS,ATP10A,protein_coding,ATPase phospholipid transporting 10A (putative),10.372309849319432,1.0433603016315216
chr6,34506000,34507000,EAS,ILRUN,protein_coding,inflammation and lipid regulator with UBA-like and NBR1-like domains,10.344736221347986,0.8511500273673134
chr7,4089000,4090000,EUR,SDK1,protein_coding,sidekick cell adhesion molecule 1,10.295602940637322,0.9066056907781384
chr2,308000,309000,AMR,LOC105373346,lncRNA,uncharacterized LOC105373346,10.289538002421208,1.029608643567712
chr6,29794000,29795000,AMR,HLA-K,,,10.268621239478362,0.970158068367296
chr6,29797000,29798000,EAS,HLA-U,,,10.259950597620545,1.0535452822977378
chr19,57923000,57924000,SAS,KIR3DL1,protein_coding,killer cell immunoglobulin like receptor%2C three Ig domains and long cytoplasmic tail 1,10.24544052410871,0.5455404802140352
chr16,94803000,94804000,AFR,PIEZO1,protein_coding,piezo type mechanosensitive ion channel component 1 (Er blood group),10.227384131832324,0.9332400398006856
chr10,133310000,133311000,SAS,LRRC27,protein_coding,leucine rich repeat containing 27,10.219857080884989,1.4167346389758566
chr6,160958000,160959000,AFR,SOD2,protein_coding,superoxide dismutase 2,10.207370877836977,0.9910518748791836
chr6,34506000,34507000,EUR,ILRUN,protein_coding,inflammation and lipid regulator with UBA-like and NBR1-like domains,10.206508675148083,0.8626772188365605
chr6,160958000,160959000,AMR,SOD2,protein_coding,superoxide dismutase 2,10.201580204505843,0.991614420832515
chr6,32529000,32530000,SAS,MTCO3P1,,,10.197514602878181,0.8064126847140987
chr17,67676000,67677000,EUR,PRKCA,protein_coding,protein kinase C alpha,10.163988082024835,0.8924785018101081
chr7,4089000,4090000,SAS,SDK1,protein_coding,sidekick cell adhesion molecule 1,10.156831606956741,0.9189925143172344
chr15,2176000,2177000,EUR,LOC124907536,protein_coding,protein FAM104B-like,10.13434824087543,0.6441981593302519
chr12,132198000,132199000,EUR,NOC4L,protein_coding,nucleolar complex associated 4 homolog,10.121195793124246,1.3317458472533403
chr11,4298000,4299000,AFR,SSU72L5,protein_coding,SSU72 like 5,10.099287833582494,0.8949102870129765
chr12,132810000,132811000,SAS,ANKLE2,protein_coding,ankyrin repeat and LEM domain containing 2,10.008834024208344,0.967625586309541
chr11,4298000,4299000,EUR,SSU72L5,protein_coding,SSU72 like 5,9.993354834754696,0.9043966438923936
chr17,30839000,30840000,AMR,SSH2,protein_coding,slingshot protein phosphatase 2,9.982702903483073,0.9510882601167292
chr7,73427000,73428000,SAS,CALN1,protein_coding,calneuron 1,9.978671719641913,0.9465636007942112
chr4,193197000,193198000,EUR,FRG1-DT,lncRNA,FRG1 divergent transcript,9.97412794059883,1.0924150315827117
chr6,29794000,29795000,AFR,HLA-K,,,9.963487846954616,0.999869312786155
chr14,100132000,100133000,EUR,IGH,other,immunoglobulin heavy locus,9.934352466343908,0.586728410687009
chr12,132810000,132811000,AFR,ANKLE2,protein_coding,ankyrin repeat and LEM domain containing 2,9.917426544970086,0.9765440507206392
chr15,23499000,23500000,EUR,ATP10A,protein_coding,ATPase phospholipid transporting 10A (putative),9.819563858024901,1.1020913443276148
chr6,31167000,31168000,SAS,LINC02571,lncRNA,long intergenic non-protein coding RNA 2571,9.801430893756738,0.9404248913186486
chr6,34506000,34507000,SAS,ILRUN,protein_coding,inflammation and lipid regulator with UBA-like and NBR1-like domains,9.774931875720018,0.9007656145183528
chr6,29819000,29820000,AMR,HCG4P4,,,9.737758210618324,0.9394603228176848
chr19,57937000,57938000,SAS,KIR2DS4,protein_coding,killer cell immunoglobulin like receptor%2C two Ig domains and short cytoplasmic tail 4,9.733133976571066,0.661806087179219
chr7,4089000,4090000,EAS,SDK1,protein_coding,sidekick cell adhesion molecule 1,9.69174408919546,0.9630931368049338
chr7,73427000,73428000,AFR,CALN1,protein_coding,calneuron 1,9.630803044580237,0.980753877985602
chr19,54680000,54681000,AMR,ZNF175,protein_coding,zinc finger protein 175,9.62296613198667,1.016415095140714
chr16,94803000,94804000,SAS,PIEZO1,protein_coding,piezo type mechanosensitive ion channel component 1 (Er blood group),9.607612288326791,0.9934418758597028
chr6,29809000,29810000,SAS,HLA-A,protein_coding,major histocompatibility complex%2C class I%2C A,9.586443619275105,0.9649989164660177
chr6,29794000,29795000,EAS,HLA-K,,,9.575854041947663,1.040344360184241
chr21,44301000,44302000,AFR,PCBP3,protein_coding,poly(rC) binding protein 3,9.57102484481092,0.9754782033420696
chr12,132810000,132811000,AMR,ANKLE2,protein_coding,ankyrin repeat and LEM domain containing 2,9.548787634915344,1.0142443482078072
chr21,44301000,44302000,SAS,PCBP3,protein_coding,poly(rC) binding protein 3,9.541751153485109,0.9784709294528596
chr6,32529000,32530000,AFR,MTCO3P1,,,9.52111158431484,0.8637022111856696
chr14,99196000,99197000,AMR,AHNAK2,protein_coding,AHNAK nucleoprotein 2,9.457285332672754,0.8566770074988682
chr7,159729000,159730000,AMR,PTPRN2,protein_coding,protein tyrosine phosphatase receptor type N2,9.422892666731283,0.962234575397366
chr6,31167000,31168000,AFR,LINC02571,lncRNA,long intergenic non-protein coding RNA 2571,9.400334932589383,0.9805511877106492
chr6,29809000,29810000,AMR,HLA-A,protein_coding,major histocompatibility complex%2C class I%2C A,9.382691299316278,0.9859546062265911
chr19,54680000,54681000,EUR,ZNF175,protein_coding,zinc finger protein 175,9.372789389186298,1.04354505691376
chr6,34506000,34507000,AFR,ILRUN,protein_coding,inflammation and lipid regulator with UBA-like and NBR1-like domains,9.335718366824116,0.9431435452463514
chr7,159729000,159730000,AFR,PTPRN2,protein_coding,protein tyrosine phosphatase receptor type N2,9.29907045748224,0.9750472550610252
chr6,29809000,29810000,AFR,HLA-A,protein_coding,major histocompatibility complex%2C class I%2C A,9.278544714975853,0.9970214068626296
chr15,2176000,2177000,AMR,LOC124907536,protein_coding,protein FAM104B-like,9.278463250243751,0.7036217428152469
chr6,31166000,31167000,EAS,LINC02571,lncRNA,long intergenic non-protein coding RNA 2571,9.275855865304747,0.9840478981880056
chr17,67676000,67677000,AMR,PRKCA,protein_coding,protein kinase C alpha,9.259692392325155,0.9796373865917928
chr6,29819000,29820000,SAS,HCG4P4,,,9.256148678984452,0.9883416731235732
chr7,73427000,73428000,EAS,CALN1,protein_coding,calneuron 1,9.219741074677788,1.0244807698591156
chr21,44301000,44302000,EAS,PCBP3,protein_coding,poly(rC) binding protein 3,9.19809742799319,1.0150279656034733
chr6,31250000,31251000,SAS,MICA-AS1,lncRNA,MICA antisense RNA 1,9.192761811316373,0.8223616771130083
chr21,44301000,44302000,AMR,PCBP3,protein_coding,poly(rC) binding protein 3,9.18964889450381,1.0159611348527562
chr19,57937000,57938000,AMR,KIR2DS4,protein_coding,killer cell immunoglobulin like receptor%2C two Ig domains and short cytoplasmic tail 4,9.169802029882739,0.7024630730340838
chr11,4299000,4300000,EAS,SSU72L5,protein_coding,SSU72 like 5,9.168729961700285,1.0046873376601595
chr7,4089000,4090000,AFR,SDK1,protein_coding,sidekick cell adhesion molecule 1,9.166922193343584,1.018231857880468
chr6,31166000,31167000,AMR,LINC02571,lncRNA,long intergenic non-protein coding RNA 2571,9.159625396519212,0.996534909780999
chr7,35184000,35185000,EAS,LOC105375228,lncRNA,uncharacterized LOC105375228,9.156816067252008,0.8706711885040561
chr19,54680000,54681000,AFR,ZNF175,protein_coding,zinc finger protein 175,9.145474466778424,1.0694828433570076
chr20,65769000,65770000,EAS,UCKL1,protein_coding,uridine-cytidine kinase 1 like 1,9.143920791912112,0.8725451689648028
chr13,109485000,109486000,AFR,COL4A1,protein_coding,collagen type IV alpha 1 chain,9.140614634952723,0.9638421729097256
chr13,109485000,109486000,EAS,COL4A1,protein_coding,collagen type IV alpha 1 chain,9.138260521335294,0.9640904689589572
chr6,31142000,31143000,SAS,USP8P1,,,9.132530834214961,0.919407372756758
chr6,31146000,31147000,AMR,RPL3P2,,,9.094319766082792,0.9781174834772532
chr16,965000,966000,SAS,LMF1,protein_coding,lipase maturation factor 1,9.070495442605678,0.90317724765004
chr13,13655000,13656000,EUR,LOC101060145,,,9.054697037668378,0.9309993259538216
chr2,861000,862000,AMR,LINC01115,lncRNA,long intergenic non-protein coding RNA 1115,9.049518594867353,1.0938309194552576
chr6,29819000,29820000,AFR,HCG4P4,,,9.04645186473856,1.011251439664011
chr20,65769000,65770000,AFR,UCKL1,protein_coding,uridine-cytidine kinase 1 like 1,9.03148076189361,0.8834081722283268
chr6,29809000,29810000,EUR,HLA-A,protein_coding,major histocompatibility complex%2C class I%2C A,9.015823733827284,1.0260745971168144
chr6,30885000,30886000,SAS,MUC22,protein_coding,mucin 22,9.005751154005551,0.8757097159166933
chr6,31146000,31147000,SAS,RPL3P2,,,8.983297931908822,0.9902057385787064
chr6,30887000,30888000,EUR,MUC22,protein_coding,mucin 22,8.98172952084447,0.8602056252673687
chr7,159729000,159730000,EAS,PTPRN2,protein_coding,protein tyrosine phosphatase receptor type N2,8.974762528734301,1.0102811183201126
chr16,95938000,95939000,EAS,SPIRE2,protein_coding,spire type actin nucleation factor 2,8.972804776947266,0.9842873086153504
chr6,31146000,31147000,EAS,RPL3P2,,,8.966302619720578,0.9920826388319638
chr7,159729000,159730000,SAS,PTPRN2,protein_coding,protein tyrosine phosphatase receptor type N2,8.946433282104632,1.0134802147715931
chr11,4299000,4300000,AMR,SSU72L5,protein_coding,SSU72 like 5,8.941529115012285,1.030216059966712
chr8,14817000,14818000,EAS,SGCZ,protein_coding,sarcoglycan zeta,8.924716892588613,0.9079355018258172
chr16,95938000,95939000,SAS,SPIRE2,protein_coding,spire type actin nucleation factor 2,8.919796046052719,0.990136749655922
chr10,134433000,134434000,EUR,OR7M1P,,,8.904121493601684,0.9279795378947812
chr14,99196000,99197000,SAS,AHNAK2,protein_coding,AHNAK nucleoprotein 2,8.867737467837793,0.913630892574506
chr6,31141000,31142000,EAS,USP8P1,,,8.866313004978016,0.947999244809104
chr10,134433000,134434000,EAS,OR7M1P,,,8.842598141006963,0.9344360579582482
chr21,38571000,38572000,SAS,DSCAM,protein_coding,DS cell adhesion molecule,8.840250495094779,0.910837665878628
chr6,31146000,31147000,AFR,RPL3P2,,,8.840015615205363,1.006255367721055
chr16,95938000,95939000,EUR,SPIRE2,protein_coding,spire type actin nucleation factor 2,8.834866601349823,0.9996549198923984
chr1,569000,570000,AMR,LOC124903820,lncRNA,uncharacterized LOC124903820,8.832485459039843,1.1703814861171955
chr16,95938000,95939000,AFR,SPIRE2,protein_coding,spire type actin nucleation factor 2,8.799392003128673,1.0036850115885485
chr6,31166000,31167000,EUR,LINC02571,lncRNA,long intergenic non-protein coding RNA 2571,8.778425669389863,1.039809051408468
chr7,4089000,4090000,AMR,SDK1,protein_coding,sidekick cell adhesion molecule 1,8.776667370036392,1.063507573255021
chr20,65769000,65770000,EUR,UCKL1,protein_coding,uridine-cytidine kinase 1 like 1,8.72775435791034,0.9141508325275544
chr6,30887000,30888000,AFR,MUC22,protein_coding,mucin 22,8.727032660443188,0.8853105699352386
chr6,31142000,31143000,EUR,USP8P1,,,8.71564208823956,0.9633846933934436
chr6,31236000,31237000,SAS,ZDHHC20P2,,,8.698594036059042,0.8515406018486682
chr6,29743000,29744000,EUR,HCP5B,lncRNA,HLA complex P5B,8.692127488663212,0.8844491118377692
chr13,109485000,109486000,AMR,COL4A1,protein_coding,collagen type IV alpha 1 chain,8.683054890249034,1.0146325207936802
chr5,7239000,7240000,EAS,LOC442132,,,8.666965944000971,0.8748490855274224
chr16,94803000,94804000,EAS,PIEZO1,protein_coding,piezo type mechanosensitive ion channel component 1 (Er blood group),8.658808224690164,1.1023000078731542
chr17,3760000,3761000,EAS,CAMKK1,protein_coding,calcium/calmodulin dependent protein kinase kinase 1,8.648524901412996,0.9500949748688894
chr5,7239000,7240000,SAS,LOC442132,,,8.619415529057537,0.879675333535709
chr12,132810000,132811000,EAS,ANKLE2,protein_coding,ankyrin repeat and LEM domain containing 2,8.616934570939112,1.1239268223773906
chr6,31142000,31143000,AFR,USP8P1,,,8.61273609876412,0.9748953276428052
chr7,73427000,73428000,EUR,CALN1,protein_coding,calneuron 1,8.587360457322267,1.099924415777105
chr17,82161000,82162000,EAS,SLC38A10,protein_coding,solute carrier family 38 member 10,8.574982785825123,0.8898434673291808
chr17,67676000,67677000,EAS,PRKCA,protein_coding,protein kinase C alpha,8.574713807338656,1.057894299410646
chr13,13655000,13656000,EAS,LOC101060145,,,8.551886681835134,0.9857376684715804
chr6,31250000,31251000,EUR,MICA-AS1,lncRNA,MICA antisense RNA 1,8.549316843248077,0.884254866097865
chr2,861000,862000,AFR,LINC01115,lncRNA,long intergenic non-protein coding RNA 1115,8.536759711352065,1.1595316700888425
chr10,134433000,134434000,AFR,OR7M1P,,,8.532579619662593,0.9683873948214288
chr16,965000,966000,AMR,LMF1,protein_coding,lipase maturation factor 1,8.529875823945114,0.9604202074873648
chr8,14817000,14818000,AFR,SGCZ,protein_coding,sarcoglycan zeta,8.52717910420962,0.9502635292983984
chr17,3760000,3761000,AFR,CAMKK1,protein_coding,calcium/calmodulin dependent protein kinase kinase 1,8.51509826947127,0.964982409929505
chr6,29820000,29821000,AMR,HLA-W,,,8.500736560189342,0.9741024224885978
chr6,31141000,31142000,AMR,USP8P1,,,8.499496556028715,0.9889124582324144
chr16,95938000,95939000,AMR,SPIRE2,protein_coding,spire type actin nucleation factor 2,8.498076353080133,1.0392725950775068
chr6,31892000,31893000,EUR,CYP21A2,protein_coding,cytochrome P450 family 21 subfamily A member 2,8.485032248583959,0.8652257414588714
chr6,29819000,29820000,EUR,HCG4P4,,,8.47138368283658,1.0798988470564503
chr20,65769000,65770000,AMR,UCKL1,protein_coding,uridine-cytidine kinase 1 like 1,8.452252472558968,0.9439476563534548
chr16,94803000,94804000,EUR,PIEZO1,protein_coding,piezo type mechanosensitive ion channel component 1 (Er blood group),8.449111557756853,1.129657752652764
chr19,57923000,57924000,AMR,KIR3DL1,protein_coding,killer cell immunoglobulin like receptor%2C three Ig domains and long cytoplasmic tail 1,8.447035077055183,0.6616880944071033
chr10,60737000,60738000,SAS,CCDC6,protein_coding,coiled-coil domain containing 6,8.42404530049673,0.7745362430860154
chr16,94803000,94804000,AMR,PIEZO1,protein_coding,piezo type mechanosensitive ion channel component 1 (Er blood group),8.419867745585078,1.1335812702346508
chr6,30885000,30886000,AMR,MUC22,protein_coding,mucin 22,8.408141461168196,0.9379508921338872
chr21,38571000,38572000,AMR,DSCAM,protein_coding,DS cell adhesion molecule,8.394700137114192,0.9591805538276826
chr13,109485000,109486000,EUR,COL4A1,protein_coding,collagen type IV alpha 1 chain,8.34485500245368,1.0557534994787554
chr13,13655000,13656000,AFR,LOC101060145,,,8.343916626499336,1.01030693571564
chr15,22160000,22161000,SAS,LOC105370733,lncRNA,uncharacterized LOC105370733,8.341972578470491,0.7515632239262435
chr10,134433000,134434000,SAS,OR7M1P,,,8.335934950053709,0.9912316492990676
chr6,31225000,31226000,SAS,RNU6-283P,,,8.317704072539618,0.9238828877656012
chr11,36427000,36428000,AFR,COMMD9,protein_coding,COMM domain containing 9,8.31114805753931,0.9154708634103272
chr7,73427000,73428000,AMR,CALN1,protein_coding,calneuron 1,8.283792581799105,1.1402322475867948
chr3,111295000,111296000,EAS,CIP2A,protein_coding,cellular inhibitor of PP2A,8.245505768624062,0.9301161877109404
chr6,29820000,29821000,AFR,HLA-W,,,8.241329304675226,1.0047636455347475
chr6,31243000,31244000,SAS,LOC124901300,lncRNA,uncharacterized LOC124901300,8.236822744225982,0.8015078131550764
chr21,38571000,38572000,AFR,DSCAM,protein_coding,DS cell adhesion molecule,8.233198848260612,0.9779957067884528
chr6,29820000,29821000,EAS,HLA-W,,,8.206305045766577,1.009051946038683
chr17,30839000,30840000,AFR,SSH2,protein_coding,slingshot protein phosphatase 2,8.197220017311603,1.158250176972775
chr6,31250000,31251000,EAS,MICA-AS1,lncRNA,MICA antisense RNA 1,8.189824528387922,0.9230692299023664
chr10,60737000,60738000,EUR,CCDC6,protein_coding,coiled-coil domain containing 6,8.184390651719477,0.7972161491658937
chr9,42933000,42934000,EAS,GXYLT1P6,,,8.128364309065553,0.7895618304829989
chr21,38571000,38572000,EUR,DSCAM,protein_coding,DS cell adhesion molecule,8.113737578702438,0.9923950643745382
chr17,82161000,82162000,AMR,SLC38A10,protein_coding,solute carrier family 38 member 10,8.104777463156188,0.941468467100294
chr14,99196000,99197000,AFR,AHNAK2,protein_coding,AHNAK nucleoprotein 2,8.104018111556387,0.9997310946657134
chr14,99196000,99197000,EUR,AHNAK2,protein_coding,AHNAK nucleoprotein 2,8.084507036571091,1.002143836502033
chr14,100959000,100960000,AFR,IGH,other,immunoglobulin heavy locus,8.08338174331499,0.9278850201208358
chr16,965000,966000,AFR,LMF1,protein_coding,lipase maturation factor 1,8.061013855522082,1.016282226467435
chr11,36427000,36428000,AMR,COMMD9,protein_coding,COMM domain containing 9,8.05601292921586,0.9444639618902854
chr6,31250000,31251000,AFR,MICA-AS1,lncRNA,MICA antisense RNA 1,8.05357876107342,0.9386851789411128
chr10,134433000,134434000,AMR,OR7M1P,,,8.052904226833357,1.0260698893522886
chr17,67676000,67677000,AFR,PRKCA,protein_coding,protein kinase C alpha,8.045383451329357,1.1274963972490923
chr17,3760000,3761000,AMR,CAMKK1,protein_coding,calcium/calmodulin dependent protein kinase kinase 1,8.029757447660055,1.0233086245034002
chr6,31225000,31226000,EAS,RNU6-283P,,,7.998313322565385,0.960775622084888
chr6,31270000,31271000,EAS,MICA,protein_coding,MHC class I polypeptide-related sequence A,7.979643691481725,0.8775953401861382
chr6,29809000,29810000,EAS,HLA-A,protein_coding,major histocompatibility complex%2C class I%2C A,7.976115008379168,1.15982626825775
chr15,2176000,2177000,EAS,LOC124907536,protein_coding,protein FAM104B-like,7.9721656136587615,0.8189153109913271
chr8,14817000,14818000,EUR,SGCZ,protein_coding,sarcoglycan zeta,7.952312297169691,1.0189573809129393
chr6,31269000,31270000,EUR,MICA,protein_coding,MHC class I polypeptide-related sequence A,7.891576201750272,0.964055320095586
chr19,54452000,54453000,EAS,ETFB,protein_coding,electron transfer flavoprotein subunit beta,7.875648180079952,0.8764849255778947
chr6,32908000,32909000,EAS,HLA-DPB1,protein_coding,major histocompatibility complex%2C class II%2C DP beta 1,7.852090865785913,0.9508529782571772
chr6,29665000,29666000,EAS,HCG4,lncRNA,HLA complex group 4,7.849941029328073,0.8696207011919339
chr13,113036000,113037000,EAS,GAS6-AS1,lncRNA,GAS6 antisense RNA 1,7.845228505657269,0.9352410326732886
