contig	original_label	corrected_label	gene_start	gene_end	strand	category	transcript	transitions
PR01227.hap1	GYPB	GYPA	152656	178913	-	gene_conversion	XM_011531904.4_3	GYPA:626709-631403:0.96:-0.00,GYPE:626276-626708:0.97:0.03,GYPA:610574-626275:0.97:0.04,GYPE:610281-610573:0.97:0.03,GYPA:607917-610280:0.96:-0.01,GYPE:607436-607916:0.92:0.03,GYPA:605146-607435:0.75:-0.21
PR01227.hap1	GYPE	GYPE	255532	290338	-	gene_conversion	NM_198682.3	GYPE:628329-631403:0.98:0.01,GYPB:628127-628328:0.96:0.03,GYPE:596597-628126:0.98:0.26
PR01227.hap1	GYPB	GYPE	379531	407115	-	fusion	XM_011531904.4_2	GYPE:617730-631403:0.96:0.37,GYPA:617510-617729:0.99:0.07,GYPE:606939-617509:0.97:0.01,GYPB:605943-606938:0.97:0.02,GYPE:603819-605942:0.96:-0.01
PR01227.hap1	GYPB	GYPB	488553	512008	-	fusion	NM_002100.6	GYPB:626664-631403:0.96:0.01,GYPE:626239-626663:0.97:0.03,GYPB:619520-626238:0.98:0.02,GYPA:619300-619519:0.98:0.07,GYPB:607948-619299:0.97:0.01
PR01227.hap1	GYPA	GYPE	609184	645849	-	fusion	NM_002099.8	GYPE:611236-631403:0.98:0.27,GYPA:607124-611235:0.98:0.12,GYPE:606868-607123:0.99:0.01,GYPA:605879-606867:0.99:0.02,GYPE:603337-605878:0.96:-0.01,GYPA:603010-603336:0.98:0.02,GYPE:602651-603009:0.96:-0.01,GYPA:594738-602650:0.98:0.52
PR01227.hap1	GYPB	GYPE	738704	765038	-	fusion	XM_011531904.4_1	GYPE:623908-631403:0.96:-0.00,GYPB:623706-623907:0.97:0.03,GYPE:619565-623705:0.97:-0.00,GYPA:619354-619564:0.98:0.06,GYPE:614820-619353:0.97:0.01,GYPA:613753-614819:0.95:0.40,GYPE:609131-613752:0.96:-0.01,GYPA:608764-609130:0.99:0.03,GYPE:608205-608763:0.97:-0.00,GYPB:607167-608204:0.98:0.02,GYPE:606344-607166:0.95:-0.01,GYPB:605378-606343:0.99:0.03,GYPE:605069-605377:0.96:0.00
PR01227.hap2	GYPE	GYPE	145388	175138	-	fusion	NM_198682.3_1	GYPE:617586-631403:0.96:-0.00,GYPA:610612-617585:0.98:0.08,GYPE:607034-610611:0.95:0.00,GYPA:606729-607033:0.97:0.02,GYPE:601653-606728:0.97:0.46
PR01227.hap2	GYPE	GYPE	251785	286538	-	gene_conversion	NM_198682.3	GYPE:628341-631403:0.98:0.01,GYPB:628135-628340:0.97:0.03,GYPE:596650-628134:0.98:0.26
PR01227.hap2	GYPB	GYPB	375757	399215	-	fusion	NM_002100.6	GYPB:626676-631403:0.96:0.01,GYPE:626242-626675:0.97:0.03,GYPB:619516-626241:0.98:0.02,GYPA:619296-619515:0.98:0.07,GYPB:607945-619295:0.98:0.01
PR01227.hap2	GYPA	GYPA	489397	520832	-	normal	NM_002099.8	GYPA
PR01223.hap1	GYPB	GYPA	148871	175034	-	gene_conversion	XM_011531904.4_3	GYPA:628549-631403:0.96:-0.01,GYPB:627993-628548:0.96:0.02,GYPA:626706-627992:0.96:0.00,GYPE:626273-626705:0.97:0.03,GYPA:610666-626272:0.97:0.04,GYPE:610194-610665:0.97:0.02,GYPA:608009-610193:0.95:-0.01,GYPE:607528-608008:0.92:0.03,GYPA:605240-607527:0.75:-0.21
PR01223.hap1	GYPE	GYPE	255977	290700	-	normal	NM_198682.3	GYPE
PR01223.hap1	GYPB	GYPE	379960	407544	-	fusion	XM_011531904.4_2	GYPE:617730-631403:0.96:0.37,GYPA:617510-617729:0.99:0.07,GYPE:606939-617509:0.97:0.01,GYPB:605943-606938:0.97:0.02,GYPE:603819-605942:0.96:-0.01
PR01223.hap1	GYPB	GYPB	489520	512979	-	fusion	NM_002100.6	GYPB:626666-631403:0.96:0.01,GYPE:626241-626665:0.97:0.03,GYPB:619516-626240:0.98:0.01,GYPA:619296-619515:0.98:0.07,GYPB:607944-619295:0.97:0.01
PR01223.hap1	GYPA	GYPE	610135	646803	-	fusion	NM_002099.8	GYPE:611235-631403:0.98:0.27,GYPA:607123-611234:0.98:0.12,GYPE:606867-607122:0.98:0.01,GYPA:605790-606866:0.99:0.02,GYPE:603336-605789:0.96:-0.01,GYPA:603009-603335:0.98:0.02,GYPE:602650-603008:0.96:-0.01,GYPA:594735-602649:0.98:0.52
PR01223.hap1	GYPB	GYPE	739678	766013	-	fusion	XM_011531904.4_1	GYPE:623908-631403:0.96:-0.00,GYPB:623706-623907:0.97:0.03,GYPE:619565-623705:0.97:-0.00,GYPA:619354-619564:0.98:0.06,GYPE:614820-619353:0.97:0.01,GYPA:613753-614819:0.95:0.40,GYPE:609131-613752:0.96:-0.01,GYPA:608764-609130:0.99:0.03,GYPE:608205-608763:0.97:-0.00,GYPB:607167-608204:0.98:0.02,GYPE:606568-607166:0.95:-0.03,GYPB:605377-606567:0.99:0.02,GYPE:605068-605376:0.96:0.00
PR01223.hap2	GYPE	GYPE	152275	182055	-	fusion	NM_198682.3_1	GYPE:617590-631403:0.96:-0.00,GYPA:610617-617589:0.98:0.08,GYPE:607038-610616:0.95:0.00,GYPA:606730-607037:0.97:0.02,GYPE:601623-606729:0.96:0.45
PR01223.hap2	GYPE	GYPE	258677	293375	-	normal	NM_198682.3	GYPE
PR01223.hap2	GYPB	GYPE	382633	410210	-	fusion	XM_011531904.4_1	GYPE:617734-631403:0.96:0.37,GYPA:617514-617733:0.99:0.07,GYPE:603826-617513:0.97:0.04
PR01223.hap2	GYPB	GYPB	491890	515393	-	fusion	NM_002100.6	GYPB:626606-631403:0.95:0.01,GYPE:626181-626605:0.97:0.03,GYPB:619464-626180:0.98:0.02,GYPA:619244-619463:0.98:0.07,GYPB:607900-619243:0.98:0.01
PR01223.hap2	GYPA	GYPA	606426	637892	-	normal	NM_002099.8	GYPA
PR00512.hap1	GYPB	GYPA	148873	175137	-	gene_conversion	XM_011531904.4_3	GYPA:626706-631403:0.96:-0.01,GYPE:626273-626705:0.97:0.03,GYPA:610565-626272:0.97:0.04,GYPE:610272-610564:0.97:0.03,GYPA:607908-610271:0.95:-0.01,GYPE:607427-607907:0.92:0.03,GYPA:605139-607426:0.76:-0.20
PR00512.hap1	GYPE	GYPE	251769	286593	-	gene_conversion	NM_198682.3	GYPE:628331-631403:0.98:0.01,GYPB:628129-628330:0.97:0.03,GYPE:596579-628128:0.98:0.26
PR00512.hap1	GYPB	GYPE	375785	403364	-	fusion	XM_011531904.4_2	GYPE:617730-631403:0.96:0.37,GYPA:617510-617729:0.99:0.07,GYPE:606943-617509:0.97:0.01,GYPB:605947-606942:0.97:0.02,GYPE:603824-605946:0.96:-0.01
PR00512.hap1	GYPB	GYPB	484801	508256	-	fusion	NM_002100.6	GYPB:626664-631403:0.96:0.01,GYPE:626239-626663:0.97:0.03,GYPB:619520-626238:0.98:0.02,GYPA:619300-619519:0.98:0.07,GYPB:607948-619299:0.97:0.01
PR00512.hap1	GYPA	GYPE	605441	642106	-	fusion	NM_002099.8	GYPE:611236-631403:0.98:0.27,GYPA:607124-611235:0.98:0.12,GYPE:606868-607123:0.99:0.01,GYPA:605879-606867:0.99:0.02,GYPE:603337-605878:0.96:-0.01,GYPA:603010-603336:0.98:0.02,GYPE:602651-603009:0.96:-0.01,GYPA:594738-602650:0.98:0.52
PR00512.hap1	GYPB	GYPE	734949	761283	-	fusion	XM_011531904.4_1	GYPE:623908-631403:0.96:-0.00,GYPB:623706-623907:0.97:0.03,GYPE:619565-623705:0.97:-0.00,GYPA:619354-619564:0.98:0.06,GYPE:614820-619353:0.97:0.01,GYPA:613753-614819:0.95:0.40,GYPE:609131-613752:0.96:-0.01,GYPA:608764-609130:0.99:0.03,GYPE:608205-608763:0.97:-0.00,GYPB:607167-608204:0.98:0.02,GYPE:606344-607166:0.95:-0.01,GYPB:605378-606343:0.99:0.03,GYPE:605069-605377:0.96:0.00
PR00512.hap2	GYPE	GYPE	149069	178856	-	fusion	NM_198682.3_1	GYPE:629512-631403:0.97:-0.00,GYPA:629206-629511:0.97:0.02,GYPE:617588-629205:0.96:-0.00,GYPA:610610-617587:0.98:0.08,GYPE:607031-610609:0.95:0.00,GYPA:606723-607030:0.97:0.02,GYPE:601616-606722:0.96:0.46
PR00512.hap2	GYPE	GYPE	255509	290328	-	gene_conversion	NM_198682.3	GYPE:628336-631403:0.98:0.01,GYPB:628134-628335:0.97:0.03,GYPE:596584-628133:0.98:0.26
PR00512.hap2	GYPB	GYPE	379553	407157	-	fusion	XM_011531904.4_1	GYPE:617718-631403:0.96:0.37,GYPA:617507-617717:0.98:0.06,GYPE:603799-617506:0.97:0.04
PR00512.hap2	GYPB	GYPB	488865	512348	-	fusion	NM_002100.6	GYPB:626626-631403:0.95:0.01,GYPE:626201-626625:0.97:0.03,GYPB:619484-626200:0.98:0.02,GYPA:619264-619483:0.98:0.07,GYPB:607920-619263:0.98:0.01
PR00512.hap2	GYPA	GYPA	603368	634792	-	normal	NM_002099.8	GYPA
PR01225.hap1	GYPE	GYPE	145329	175085	-	fusion	NM_198682.3_1	GYPE:617585-631403:0.96:-0.00,GYPA:610606-617584:0.98:0.08,GYPE:607028-610605:0.95:0.00,GYPA:606723-607027:0.97:0.02,GYPE:601647-606722:0.97:0.46
PR01225.hap1	GYPE	GYPE	251762	286582	-	gene_conversion	NM_198682.3	GYPE:628336-631403:0.98:0.01,GYPB:628134-628335:0.97:0.03,GYPE:596583-628133:0.98:0.26
PR01225.hap1	GYPB	GYPE	375807	403411	-	fusion	XM_011531904.4_1	GYPE:617718-631403:0.96:0.37,GYPA:617507-617717:0.98:0.06,GYPE:603799-617506:0.97:0.04
PR01225.hap1	GYPB	GYPB	484893	508384	-	fusion	NM_002100.6	GYPB:626618-631403:0.95:0.01,GYPE:626193-626617:0.97:0.03,GYPB:619476-626192:0.98:0.02,GYPA:619256-619475:0.98:0.07,GYPB:607912-619255:0.98:0.01
PR01225.hap1	GYPA	GYPA	599409	630848	-	normal	NM_002099.8	GYPA
PR01225.hap2	GYPE	GYPE	145392	175148	-	fusion	NM_198682.3_1	GYPE:628589-631403:0.97:-0.00,GYPB:628034-628588:0.95:0.02,GYPE:617585-628033:0.96:-0.00,GYPA:610606-617584:0.97:0.08,GYPE:607028-610605:0.95:0.00,GYPA:606723-607027:0.97:0.02,GYPE:601647-606722:0.97:0.46
PR01225.hap2	GYPE	GYPE	251801	286563	-	gene_conversion	NM_198682.3	GYPE:628337-631403:0.98:0.01,GYPB:628135-628336:0.97:0.03,GYPE:596641-628134:0.98:0.26
PR01225.hap2	GYPB	GYPB	375781	399239	-	fusion	NM_002100.6	GYPB:626676-631403:0.96:0.01,GYPE:626242-626675:0.97:0.03,GYPB:619516-626241:0.98:0.02,GYPA:619296-619515:0.98:0.07,GYPB:607945-619295:0.98:0.01
PR01225.hap2	GYPA	GYPA	489426	520857	-	normal	NM_002099.8	GYPA
PR01228.hap1	GYPE	GYPE	145325	175070	-	fusion	NM_198682.3_1	GYPE:617586-631403:0.96:-0.00,GYPA:610617-617585:0.98:0.08,GYPE:607039-610616:0.95:0.00,GYPA:606734-607038:0.97:0.02,GYPE:601658-606733:0.97:0.46
PR01228.hap1	GYPE	GYPE	251758	286578	-	gene_conversion	NM_198682.3	GYPE:628336-631403:0.98:0.01,GYPB:628134-628335:0.97:0.03,GYPE:596583-628133:0.98:0.26
PR01228.hap1	GYPB	GYPE	375818	403422	-	fusion	XM_011531904.4_1	GYPE:617718-631403:0.96:0.37,GYPA:617507-617717:0.98:0.06,GYPE:603799-617506:0.97:0.04
PR01228.hap1	GYPB	GYPB	485424	508915	-	fusion	NM_002100.6	GYPB:626618-631403:0.95:0.01,GYPE:626193-626617:0.97:0.03,GYPB:619476-626192:0.98:0.02,GYPA:619256-619475:0.98:0.07,GYPB:607912-619255:0.98:0.01
PR01228.hap1	GYPA	GYPA	599939	631394	-	normal	NM_002099.8	GYPA
PR01228.hap2	GYPE	GYPE	145342	174997	-	fusion	NM_198682.3_1	GYPE:628590-631403:0.97:-0.00,GYPB:628034-628589:0.96:0.02,GYPE:619672-628033:0.96:-0.00,GYPA:619017-619671:0.97:0.02,GYPE:618691-619016:0.97:-0.01,GYPA:618304-618690:0.99:0.03,GYPE:617652-618303:0.98:-0.01,GYPA:610707-617651:0.98:0.08,GYPE:607129-610706:0.95:0.00,GYPA:606824-607128:0.97:0.02,GYPE:601748-606823:0.97:0.46
PR01228.hap2	GYPE	GYPE	255980	290703	-	normal	NM_198682.3	GYPE
PR01228.hap2	GYPB	GYPE	379972	407556	-	fusion	XM_011531904.4_1	GYPE:617730-631403:0.96:0.37,GYPA:617510-617729:0.99:0.07,GYPE:606939-617509:0.97:0.01,GYPB:605943-606938:0.97:0.02,GYPE:603819-605942:0.96:-0.01
PR01228.hap2	GYPB	GYPB	489530	513019	-	fusion	NM_002100.6	GYPB:626618-631403:0.95:0.01,GYPE:626193-626617:0.97:0.03,GYPB:619477-626192:0.98:0.02,GYPA:619257-619476:0.98:0.07,GYPB:607914-619256:0.98:0.01
PR01228.hap2	GYPA	GYPA	604048	635503	-	normal	NM_002099.8	GYPA
PR01100.hap1	GYPE	GYPE	145300	175035	-	fusion	NM_198682.3_1	GYPE:624000-631403:0.96:-0.00,GYPB:623728-623999:0.98:0.02,GYPE:619603-623727:0.96:-0.01,GYPA:618948-619602:0.97:0.02,GYPE:618622-618947:0.97:-0.01,GYPA:618235-618621:0.99:0.03,GYPE:617583-618234:0.98:-0.01,GYPA:610627-617582:0.98:0.08,GYPE:607049-610626:0.95:0.00,GYPA:606744-607048:0.97:0.02,GYPE:601668-606743:0.97:0.46
PR01100.hap1	GYPE	GYPE	251706	286466	-	gene_conversion	NM_198682.3	GYPE:628341-631403:0.98:0.01,GYPB:628136-628340:0.97:0.02,GYPE:596643-628135:0.98:0.26
PR01100.hap1	GYPB	GYPE	375719	403325	-	fusion	XM_011531904.4_1	GYPE:617718-631403:0.96:0.37,GYPA:617507-617717:0.98:0.06,GYPE:603797-617506:0.97:0.05
PR01100.hap1	GYPB	GYPB	485059	508561	-	fusion	NM_002100.6	GYPB:626617-631403:0.95:0.01,GYPE:626192-626616:0.97:0.03,GYPB:619472-626191:0.98:0.02,GYPA:619252-619471:0.98:0.07,GYPB:607901-619251:0.98:0.01
PR01100.hap1	GYPA	GYPA	599570	630980	-	normal	NM_002099.8	GYPA
PR01100.hap2	GYPE	GYPE	145333	175089	-	fusion	NM_198682.3_1	GYPE:617585-631403:0.96:-0.00,GYPA:610606-617584:0.98:0.08,GYPE:607028-610605:0.95:0.00,GYPA:606723-607027:0.97:0.02,GYPE:601647-606722:0.97:0.46
PR01100.hap2	GYPE	GYPE	251762	286582	-	gene_conversion	NM_198682.3	GYPE:628336-631403:0.98:0.01,GYPB:628134-628335:0.97:0.03,GYPE:596583-628133:0.98:0.26
PR01100.hap2	GYPB	GYPE	375807	403411	-	fusion	XM_011531904.4_1	GYPE:617718-631403:0.96:0.37,GYPA:617507-617717:0.98:0.06,GYPE:603799-617506:0.97:0.04
PR01100.hap2	GYPB	GYPB	485149	508648	-	fusion	NM_002100.6	GYPB:626610-631403:0.95:0.01,GYPE:626185-626609:0.97:0.03,GYPB:619468-626184:0.98:0.02,GYPA:619248-619467:0.98:0.07,GYPB:607904-619247:0.98:0.01
PR01100.hap2	GYPA	GYPA	599672	631112	-	normal	NM_002099.8	GYPA
PR00496A.hap1	GYPE	GYPE	145346	175074	-	fusion	NM_198682.3_1	GYPE:619603-631403:0.96:-0.00,GYPA:618948-619602:0.97:0.02,GYPE:618622-618947:0.97:-0.01,GYPA:618235-618621:0.99:0.03,GYPE:617583-618234:0.97:-0.01,GYPA:610639-617582:0.98:0.08,GYPE:601675-610638:0.96:0.26
PR00496A.hap1	GYPE	GYPE	247501	282183	-	normal	NM_198682.3	GYPE
PR00496A.hap1	GYPB	GYPE	371449	399051	-	fusion	XM_011531904.4_1	GYPE:617731-631403:0.96:0.37,GYPA:617511-617730:0.99:0.07,GYPE:603801-617510:0.97:0.04
PR00496A.hap1	GYPB	GYPB	482638	506089	-	fusion	NM_002100.6	GYPB:626675-631403:0.95:0.01,GYPE:626250-626674:0.98:0.03,GYPB:619525-626249:0.98:0.02,GYPA:619305-619524:0.98:0.07,GYPB:607952-619304:0.97:0.01
PR00496A.hap1	GYPA	GYPA	597169	628557	-	gene_conversion	NM_002099.8	GYPA:626604-631403:0.97:0.01,GYPE:626397-626603:0.96:0.03,GYPA:623927-626396:0.98:0.01,GYPB:623725-623926:0.99:0.03,GYPA:600015-623724:0.98:0.20
PR00496A.hap2	GYPE	GYPE	151593	186397	-	normal	NM_198682.3	GYPE
PR00496A.hap2	GYPB	GYPE	275606	303210	-	fusion	XM_011531904.4_1	GYPE:617751-631403:0.96:0.37,GYPA:617505-617750:0.98:0.05,GYPE:606929-617504:0.97:0.01,GYPB:605933-606928:0.97:0.02,GYPE:603799-605932:0.96:-0.01
PR00496A.hap2	GYPB	GYPB	385075	408542	-	fusion	NM_002100.6	GYPB:626655-631403:0.96:0.01,GYPE:626230-626654:0.97:0.03,GYPB:619505-626229:0.98:0.02,GYPA:619285-619504:0.98:0.07,GYPB:607936-619284:0.98:0.01
PR00496A.hap2	GYPA	GYPA	499563	530954	-	gene_conversion	NM_002099.8	GYPA:626599-631403:0.97:0.01,GYPE:626392-626598:0.96:0.03,GYPA:623922-626391:0.98:0.01,GYPB:623720-623921:0.98:0.03,GYPA:600012-623719:0.98:0.20
PR00115.hap1	GYPE	GYPE	144203	173920	-	fusion	NM_198682.3_1	GYPE:619612-631403:0.96:-0.00,GYPA:618957-619611:0.97:0.02,GYPE:618631-618956:0.97:-0.01,GYPA:618244-618630:0.99:0.03,GYPE:617592-618243:0.98:-0.01,GYPA:611085-617591:0.98:0.08,GYPE:607067-611084:0.96:0.00,GYPA:606762-607066:0.97:0.02,GYPE:601686-606761:0.97:0.46
PR00115.hap1	GYPE	GYPE	250575	285394	-	gene_conversion	NM_198682.3	GYPE:628333-631403:0.98:0.02,GYPB:628133-628332:0.98:0.02,GYPE:596584-628132:0.98:0.26
PR00115.hap1	GYPB	GYPE	374623	402218	-	fusion	XM_011531904.4_1	GYPE:617721-631403:0.96:0.37,GYPA:617510-617720:0.98:0.06,GYPE:603808-617509:0.97:0.04
PR00115.hap1	GYPB	GYPB	483711	507198	-	fusion	NM_002100.6	GYPB:626636-631403:0.95:0.01,GYPE:626211-626635:0.97:0.03,GYPB:619488-626210:0.98:0.02,GYPA:619268-619487:0.98:0.07,GYPB:607916-619267:0.98:0.01
PR00115.hap1	GYPA	GYPA	598105	629550	-	normal	NM_002099.8	GYPA
PR00115.hap2	GYPE	GYPE	151593	186397	-	normal	NM_198682.3	GYPE
PR00115.hap2	GYPB	GYPE	275605	303209	-	fusion	XM_011531904.4_1	GYPE:617751-631403:0.96:0.37,GYPA:617505-617750:0.98:0.05,GYPE:606929-617504:0.97:0.01,GYPB:605933-606928:0.97:0.02,GYPE:603799-605932:0.96:-0.01
PR00115.hap2	GYPB	GYPB	385075	408542	-	fusion	NM_002100.6	GYPB:626655-631403:0.96:0.01,GYPE:626230-626654:0.97:0.03,GYPB:619505-626229:0.98:0.02,GYPA:619285-619504:0.98:0.07,GYPB:607936-619284:0.98:0.01
PR00115.hap2	GYPA	GYPA	499564	530955	-	gene_conversion	NM_002099.8	GYPA:626599-631403:0.97:0.01,GYPE:626392-626598:0.96:0.03,GYPA:623922-626391:0.98:0.01,GYPB:623720-623921:0.98:0.03,GYPA:600012-623719:0.98:0.20
PR00834.hap1	GYPE	GYPE	144160	173878	-	fusion	NM_198682.3_1	GYPE:619612-631403:0.96:-0.00,GYPA:618957-619611:0.97:0.02,GYPE:618631-618956:0.97:-0.01,GYPA:618244-618630:0.98:0.03,GYPE:617592-618243:0.98:-0.01,GYPA:611085-617591:0.98:0.08,GYPE:607067-611084:0.96:0.00,GYPA:606759-607066:0.97:0.02,GYPE:601685-606758:0.97:0.46
PR00834.hap1	GYPE	GYPE	250526	285242	-	gene_conversion	NM_198682.3	GYPE:628321-631403:0.98:0.02,GYPB:628120-628320:0.98:0.02,GYPE:596687-628119:0.98:0.26
PR00834.hap1	GYPB	GYPE	311292	338888	-	fusion	XM_011531904.4_1	GYPE:617724-631403:0.96:0.37,GYPA:617513-617723:0.98:0.06,GYPE:603807-617512:0.97:0.04
PR00834.hap1	GYPB	GYPB	421083	444518	-	fusion	NM_002100.6	GYPB:626682-631403:0.95:0.01,GYPE:626257-626681:0.97:0.03,GYPB:619538-626256:0.98:0.02,GYPA:619318-619537:0.97:0.07,GYPB:607968-619317:0.98:0.01
PR00834.hap1	GYPA	GYPA	535409	566845	-	normal	NM_002099.8	GYPA
PR00834.hap2	GYPE	GYPE	145324	174596	-	fusion	NM_198682.3_1	GYPE:624006-631403:0.96:-0.00,GYPB:623734-624005:0.98:0.02,GYPE:619610-623733:0.96:-0.01,GYPA:618955-619609:0.97:0.02,GYPE:618629-618954:0.97:-0.01,GYPA:618242-618628:0.99:0.03,GYPE:617838-618241:0.98:-0.01,GYPA:611090-617837:0.98:0.08,GYPE:607512-611089:0.95:0.00,GYPA:607207-607511:0.97:0.02,GYPE:602131-607206:0.97:0.46
PR00834.hap2	GYPE	GYPE	255545	290277	-	normal	NM_198682.3	GYPE
PR00834.hap2	GYPB	GYPE	379531	407118	-	fusion	XM_011531904.4_1	GYPE:617730-631403:0.96:0.37,GYPA:617510-617729:0.99:0.07,GYPE:606939-617509:0.97:0.01,GYPB:605943-606938:0.97:0.02,GYPE:603816-605942:0.95:-0.01
PR00834.hap2	GYPB	GYPB	488785	512285	-	fusion	NM_002100.6	GYPB:626619-631403:0.95:0.01,GYPE:626194-626618:0.97:0.03,GYPB:619474-626193:0.98:0.01,GYPA:619254-619473:0.98:0.07,GYPB:607903-619253:0.98:0.01
PR00834.hap2	GYPA	GYPA	603331	634740	-	normal	NM_002099.8	GYPA
PR00838.hap1	GYPE	GYPE	145323	174595	-	fusion	NM_198682.3_1	GYPE:624006-631403:0.96:-0.00,GYPB:623734-624005:0.98:0.02,GYPE:619610-623733:0.96:-0.01,GYPA:618955-619609:0.97:0.02,GYPE:618629-618954:0.97:-0.01,GYPA:618242-618628:0.99:0.03,GYPE:617838-618241:0.98:-0.01,GYPA:611090-617837:0.98:0.08,GYPE:607512-611089:0.95:0.00,GYPA:607207-607511:0.97:0.02,GYPE:602131-607206:0.97:0.46
PR00838.hap1	GYPE	GYPE	255545	290277	-	normal	NM_198682.3	GYPE
PR00838.hap1	GYPB	GYPE	379531	407118	-	fusion	XM_011531904.4_1	GYPE:617730-631403:0.96:0.37,GYPA:617510-617729:0.99:0.07,GYPE:606939-617509:0.97:0.01,GYPB:605943-606938:0.97:0.02,GYPE:603816-605942:0.95:-0.01
PR00838.hap1	GYPB	GYPB	488785	512285	-	fusion	NM_002100.6	GYPB:626619-631403:0.95:0.01,GYPE:626194-626618:0.97:0.03,GYPB:619474-626193:0.98:0.01,GYPA:619254-619473:0.98:0.07,GYPB:607903-619253:0.98:0.01
PR00838.hap1	GYPA	GYPA	603329	634737	-	normal	NM_002099.8	GYPA
PR00838.hap2	GYPE	GYPE	145396	175049	-	fusion	NM_198682.3_1	GYPE:628591-631403:0.97:-0.00,GYPB:628035-628590:0.96:0.02,GYPE:619674-628034:0.96:-0.00,GYPA:619019-619673:0.97:0.02,GYPE:618693-619018:0.97:-0.01,GYPA:618306-618692:0.98:0.03,GYPE:617654-618305:0.98:-0.01,GYPA:610709-617653:0.98:0.08,GYPE:607131-610708:0.95:0.00,GYPA:606826-607130:0.97:0.02,GYPE:601750-606825:0.97:0.46
PR00838.hap2	GYPE	GYPE	256033	290753	-	normal	NM_198682.3	GYPE
PR00838.hap2	GYPB	GYPE	379968	407552	-	fusion	XM_011531904.4_1	GYPE:617731-631403:0.96:0.37,GYPA:617511-617730:0.99:0.07,GYPE:606940-617510:0.97:0.01,GYPB:605944-606939:0.97:0.02,GYPE:603819-605943:0.96:-0.01
PR00838.hap2	GYPB	GYPB	489120	512578	-	fusion	NM_002100.6	GYPB:626676-631403:0.96:0.01,GYPE:626242-626675:0.97:0.03,GYPB:619516-626241:0.98:0.02,GYPA:619296-619515:0.98:0.07,GYPB:607945-619295:0.98:0.01
PR00838.hap2	GYPA	GYPA	602762	634197	-	normal	NM_002099.8	GYPA
PR01009.hap1	GYPE	GYPE	155155	184402	-	gene_conversion	NM_198682.3	GYPE:619624-631403:0.96:-0.00,GYPA:619413-619623:0.95:0.05,GYPE:602156-619412:0.96:0.14
PR01009.hap1	GYPA	GYPA	276521	307937	-	gene_conversion	XM_017008135.3_1	GYPA:626650-631403:0.95:-0.00,GYPE:626294-626649:0.98:0.03,GYPA:599987-626293:0.97:0.18
PR01009.hap1	GYPB	GYPB	393182	416622	-	fusion	NM_002100.6	GYPB:626687-631403:0.95:0.01,GYPE:626262-626686:0.97:0.03,GYPB:619533-626261:0.98:0.02,GYPA:619313-619532:0.98:0.07,GYPB:607963-619312:0.98:0.01
PR01009.hap1	GYPA	GYPA	507698	539118	-	normal	NM_002099.8	GYPA
PR01009.hap2	GYPE	GYPE	155185	184534	-	gene_conversion	NM_198682.3	GYPE:628256-631403:0.96:0.00,GYPB:627965-628255:0.83:0.04,GYPE:619522-627964:0.96:-0.00,GYPA:619311-619521:0.95:0.05,GYPE:602054-619310:0.96:0.14
PR01009.hap2	GYPA	GYPA	275397	306827	-	normal	NM_002099.8	GYPA
PR01008.hap1	GYPE	GYPE	150240	179958	-	fusion	NM_198682.3_1	GYPE:619612-631403:0.96:-0.00,GYPA:618957-619611:0.97:0.02,GYPE:618631-618956:0.97:-0.01,GYPA:618244-618630:0.99:0.03,GYPE:617592-618243:0.98:-0.01,GYPA:611085-617591:0.97:0.08,GYPE:607066-611084:0.96:0.00,GYPA:606761-607065:0.97:0.02,GYPE:601685-606760:0.97:0.46
PR01008.hap1	GYPE	GYPE	256606	291426	-	gene_conversion	NM_198682.3	GYPE:628331-631403:0.98:0.02,GYPB:628131-628330:0.98:0.02,GYPE:596583-628130:0.98:0.26
PR01008.hap1	GYPB	GYPE	380658	408252	-	fusion	XM_011531904.4_1	GYPE:617722-631403:0.96:0.37,GYPA:617511-617721:0.98:0.06,GYPE:603809-617510:0.97:0.04
PR01008.hap1	GYPB	GYPB	490195	513686	-	fusion	NM_002100.6	GYPB:626629-631403:0.95:0.01,GYPE:626204-626628:0.97:0.03,GYPB:619481-626203:0.98:0.02,GYPA:619261-619480:0.98:0.07,GYPB:607912-619260:0.98:0.01
PR01008.hap1	GYPA	GYPA	609984	641418	-	gene_conversion	NM_002099.8	GYPA:626722-631403:0.97:0.01,GYPE:626086-626721:0.98:0.02,GYPA:623918-626085:0.97:-0.00,GYPB:623681-623917:0.97:0.03,GYPA:599969-623680:0.98:0.20
PR01008.hap2	GYPE	GYPE	144203	173921	-	fusion	NM_198682.3_1	GYPE:619610-631403:0.96:-0.00,GYPA:618955-619609:0.97:0.02,GYPE:618629-618954:0.97:-0.01,GYPA:618242-618628:0.99:0.03,GYPE:617590-618241:0.98:-0.01,GYPA:611083-617589:0.98:0.08,GYPE:607066-611082:0.96:0.00,GYPA:606761-607065:0.97:0.02,GYPE:601685-606760:0.97:0.46
PR01008.hap2	GYPE	GYPE	250579	285370	-	normal	NM_198682.3	GYPE
PR01008.hap2	GYPB	GYPE	374450	402058	-	fusion	XM_011531904.4_1	GYPE:617720-631403:0.96:0.37,GYPA:617509-617719:0.98:0.06,GYPE:603795-617508:0.97:0.04
PR01008.hap2	GYPB	GYPB	483952	507458	-	fusion	NM_002100.6	GYPB:626618-631403:0.95:0.01,GYPE:626193-626617:0.97:0.03,GYPB:619473-626192:0.98:0.01,GYPA:619253-619472:0.98:0.07,GYPB:607897-619252:0.98:0.01
PR01008.hap2	GYPA	GYPA	604242	635687	-	gene_conversion	NM_002099.8	GYPA:626720-631403:0.97:0.00,GYPE:626299-626719:0.98:0.03,GYPA:623916-626298:0.97:-0.00,GYPB:623714-623915:0.99:0.03,GYPA:599958-623713:0.97:0.20
PR01010.hap1	GYPE	GYPE	150240	179958	-	fusion	NM_198682.3_1	GYPE:619612-631403:0.96:-0.00,GYPA:618957-619611:0.97:0.02,GYPE:618631-618956:0.97:-0.01,GYPA:618244-618630:0.99:0.03,GYPE:617592-618243:0.98:-0.01,GYPA:611085-617591:0.97:0.08,GYPE:607066-611084:0.96:0.00,GYPA:606761-607065:0.97:0.02,GYPE:601685-606760:0.97:0.46
PR01010.hap1	GYPE	GYPE	256605	291425	-	gene_conversion	NM_198682.3	GYPE:628331-631403:0.98:0.02,GYPB:628131-628330:0.98:0.02,GYPE:596583-628130:0.98:0.26
PR01010.hap1	GYPB	GYPE	380656	408250	-	fusion	XM_011531904.4_1	GYPE:617722-631403:0.96:0.37,GYPA:617511-617721:0.98:0.06,GYPE:603809-617510:0.97:0.04
PR01010.hap1	GYPB	GYPB	490194	513685	-	fusion	NM_002100.6	GYPB:626629-631403:0.95:0.01,GYPE:626204-626628:0.97:0.03,GYPB:619481-626203:0.98:0.02,GYPA:619261-619480:0.98:0.07,GYPB:607912-619260:0.98:0.01
PR01010.hap1	GYPA	GYPA	609983	641417	-	gene_conversion	NM_002099.8	GYPA:626722-631403:0.97:0.01,GYPE:626086-626721:0.98:0.02,GYPA:623918-626085:0.97:-0.00,GYPB:623681-623917:0.97:0.03,GYPA:599969-623680:0.98:0.20
PR01010.hap2	GYPE	GYPE	155155	184398	-	gene_conversion	NM_198682.3	GYPE:619624-631403:0.96:-0.00,GYPA:619413-619623:0.95:0.05,GYPE:602160-619412:0.96:0.14
PR01010.hap2	GYPA	GYPA	276517	307933	-	gene_conversion	XM_017008135.3_1	GYPA:626650-631403:0.95:-0.00,GYPE:626294-626649:0.98:0.03,GYPA:599987-626293:0.97:0.18
PR01010.hap2	GYPB	GYPB	393176	416616	-	fusion	NM_002100.6	GYPB:626687-631403:0.95:0.01,GYPE:626262-626686:0.97:0.03,GYPB:619533-626261:0.98:0.02,GYPA:619313-619532:0.98:0.07,GYPB:607963-619312:0.98:0.01
PR01010.hap2	GYPA	GYPA	507693	539113	-	normal	NM_002099.8	GYPA
AG18357_3.hap1	GYPB	GYPA	148868	175031	-	gene_conversion	XM_011531904.4_3	GYPA:628549-631403:0.96:-0.01,GYPB:627993-628548:0.96:0.02,GYPA:626706-627992:0.96:0.00,GYPE:626273-626705:0.97:0.03,GYPA:610666-626272:0.97:0.04,GYPE:610194-610665:0.97:0.02,GYPA:608009-610193:0.95:-0.01,GYPE:607528-608008:0.92:0.03,GYPA:605240-607527:0.75:-0.21
AG18357_3.hap1	GYPE	GYPE	255973	290696	-	normal	NM_198682.3	GYPE
AG18357_3.hap1	GYPB	GYPE	379972	407556	-	fusion	XM_011531904.4_2	GYPE:617730-631403:0.96:0.37,GYPA:617510-617729:0.99:0.07,GYPE:606939-617509:0.97:0.01,GYPB:605943-606938:0.97:0.02,GYPE:603819-605942:0.96:-0.01
AG18357_3.hap1	GYPB	GYPB	489500	512959	-	fusion	NM_002100.6	GYPB:626666-631403:0.96:0.01,GYPE:626241-626665:0.97:0.03,GYPB:619516-626240:0.98:0.01,GYPA:619296-619515:0.98:0.07,GYPB:607944-619295:0.97:0.01
AG18357_3.hap1	GYPA	GYPE	610120	646788	-	fusion	NM_002099.8	GYPE:611235-631403:0.98:0.27,GYPA:607123-611234:0.98:0.12,GYPE:606867-607122:0.99:0.01,GYPA:605790-606866:0.99:0.02,GYPE:603336-605789:0.96:-0.01,GYPA:603009-603335:0.98:0.02,GYPE:602650-603008:0.96:-0.01,GYPA:594735-602649:0.98:0.52
AG18357_3.hap1	GYPB	GYPE	739659	765994	-	fusion	XM_011531904.4_1	GYPE:623908-631403:0.96:-0.00,GYPB:623706-623907:0.97:0.03,GYPE:619565-623705:0.97:-0.00,GYPA:619354-619564:0.98:0.06,GYPE:614820-619353:0.97:0.01,GYPA:613753-614819:0.95:0.40,GYPE:609131-613752:0.96:-0.01,GYPA:608764-609130:0.99:0.03,GYPE:608205-608763:0.97:-0.00,GYPB:607167-608204:0.98:0.02,GYPE:606568-607166:0.95:-0.03,GYPB:605377-606567:0.99:0.02,GYPE:605068-605376:0.96:0.00
AG18357_3.hap2	GYPE	GYPE	145329	175075	-	fusion	NM_198682.3_1	GYPE:617585-631403:0.96:-0.00,GYPA:610616-617584:0.98:0.08,GYPE:607038-610615:0.95:0.00,GYPA:606733-607037:0.97:0.02,GYPE:601657-606732:0.97:0.46
AG18357_3.hap2	GYPE	GYPE	251771	286591	-	gene_conversion	NM_198682.3	GYPE:628336-631403:0.98:0.01,GYPB:628134-628335:0.97:0.03,GYPE:596583-628133:0.98:0.26
AG18357_3.hap2	GYPB	GYPE	375854	403436	-	fusion	XM_011531904.4_1	GYPE:617730-631403:0.96:0.37,GYPA:617510-617729:0.99:0.07,GYPE:606940-617509:0.97:0.01,GYPB:605944-606939:0.97:0.02,GYPE:603821-605943:0.96:-0.01
AG18357_3.hap2	GYPB	GYPB	485084	508579	-	fusion	NM_002100.6	GYPB:626614-631403:0.95:0.01,GYPE:626189-626613:0.97:0.03,GYPB:619472-626188:0.98:0.02,GYPA:619252-619471:0.98:0.07,GYPB:607908-619251:0.98:0.01
AG18357_3.hap2	GYPA	GYPA	599611	631066	-	normal	NM_002099.8	GYPA
AG18358_4.hap1	GYPE	GYPE	145352	175113	-	fusion	NM_198682.3_1	GYPE:617585-631403:0.96:-0.00,GYPA:610601-617584:0.97:0.08,GYPE:607023-610600:0.95:0.00,GYPA:606718-607022:0.97:0.02,GYPE:601642-606717:0.97:0.47
AG18358_4.hap1	GYPE	GYPE	251769	286531	-	gene_conversion	NM_198682.3	GYPE:628336-631403:0.98:0.01,GYPB:628134-628335:0.97:0.03,GYPE:596641-628133:0.98:0.26
AG18358_4.hap1	GYPB	GYPE	375739	403339	-	fusion	XM_011531904.4_1	GYPE:617722-631403:0.96:0.37,GYPA:617511-617721:0.98:0.06,GYPE:603803-617510:0.97:0.04
AG18358_4.hap1	GYPB	GYPB	485327	508836	-	fusion	NM_002100.6	GYPB:626610-631403:0.95:0.01,GYPE:626185-626609:0.97:0.03,GYPB:619465-626184:0.98:0.02,GYPA:619245-619464:0.98:0.07,GYPB:607894-619244:0.98:0.01
AG18358_4.hap1	GYPA	GYPA	599792	631202	-	normal	NM_002099.8	GYPA
AG18358_4.hap2	GYPB	GYPA	152645	178902	-	gene_conversion	XM_011531904.4_3	GYPA:626709-631403:0.96:-0.00,GYPE:626276-626708:0.97:0.03,GYPA:610574-626275:0.97:0.04,GYPE:610281-610573:0.97:0.03,GYPA:607917-610280:0.96:-0.01,GYPE:607436-607916:0.92:0.03,GYPA:605146-607435:0.75:-0.21
AG18358_4.hap2	GYPE	GYPE	255515	290320	-	gene_conversion	NM_198682.3	GYPE:628330-631403:0.98:0.01,GYPB:628128-628329:0.96:0.03,GYPE:596598-628127:0.98:0.26
AG18358_4.hap2	GYPB	GYPE	379512	407095	-	fusion	XM_011531904.4_2	GYPE:617730-631403:0.96:0.37,GYPA:617510-617729:0.99:0.07,GYPE:606939-617509:0.97:0.01,GYPB:605943-606938:0.97:0.02,GYPE:603820-605942:0.96:-0.01
AG18358_4.hap2	GYPB	GYPB	488532	511987	-	fusion	NM_002100.6	GYPB:626664-631403:0.96:0.01,GYPE:626239-626663:0.97:0.03,GYPB:619520-626238:0.98:0.02,GYPA:619300-619519:0.98:0.07,GYPB:607948-619299:0.97:0.01
AG18358_4.hap2	GYPA	GYPE	609171	645839	-	fusion	NM_002099.8	GYPE:611237-631403:0.98:0.27,GYPA:607125-611236:0.98:0.12,GYPE:606869-607124:0.99:0.01,GYPA:605880-606868:0.99:0.02,GYPE:603338-605879:0.96:-0.01,GYPA:603011-603337:0.98:0.02,GYPE:602652-603010:0.96:-0.01,GYPA:594735-602651:0.98:0.52
AG18358_4.hap2	GYPB	GYPE	738686	765020	-	fusion	XM_011531904.4_1	GYPE:623908-631403:0.96:-0.00,GYPB:623706-623907:0.97:0.03,GYPE:619565-623705:0.97:-0.00,GYPA:619354-619564:0.98:0.06,GYPE:614820-619353:0.97:0.01,GYPA:613753-614819:0.95:0.40,GYPE:609131-613752:0.96:-0.01,GYPA:608764-609130:0.99:0.03,GYPE:608205-608763:0.97:-0.00,GYPB:607167-608204:0.98:0.02,GYPE:606344-607166:0.95:-0.01,GYPB:605378-606343:0.99:0.03,GYPE:605069-605377:0.96:0.00
AG18354_5.hap1	GYPE	GYPE	145303	175038	-	fusion	NM_198682.3_1	GYPE:624000-631403:0.96:-0.00,GYPB:623728-623999:0.98:0.02,GYPE:619603-623727:0.96:-0.01,GYPA:618948-619602:0.97:0.02,GYPE:618622-618947:0.97:-0.01,GYPA:618235-618621:0.99:0.03,GYPE:617583-618234:0.98:-0.01,GYPA:610627-617582:0.98:0.08,GYPE:607049-610626:0.95:0.00,GYPA:606744-607048:0.97:0.02,GYPE:601668-606743:0.97:0.46
AG18354_5.hap1	GYPE	GYPE	251715	286475	-	gene_conversion	NM_198682.3	GYPE:628341-631403:0.98:0.01,GYPB:628136-628340:0.97:0.02,GYPE:596643-628135:0.98:0.26
AG18354_5.hap1	GYPB	GYPE	375733	403339	-	fusion	XM_011531904.4_1	GYPE:617718-631403:0.96:0.37,GYPA:617507-617717:0.98:0.06,GYPE:603797-617506:0.97:0.05
AG18354_5.hap1	GYPB	GYPB	485233	508735	-	fusion	NM_002100.6	GYPB:626617-631403:0.95:0.01,GYPE:626192-626616:0.97:0.03,GYPB:619472-626191:0.98:0.02,GYPA:619252-619471:0.98:0.07,GYPB:607901-619251:0.98:0.01
AG18354_5.hap1	GYPA	GYPA	599742	631152	-	normal	NM_002099.8	GYPA
AG18354_5.hap2	GYPB	GYPA	152645	178902	-	gene_conversion	XM_011531904.4_3	GYPA:626709-631403:0.96:-0.00,GYPE:626276-626708:0.97:0.03,GYPA:610574-626275:0.97:0.04,GYPE:610281-610573:0.97:0.03,GYPA:607917-610280:0.96:-0.01,GYPE:607436-607916:0.92:0.03,GYPA:605146-607435:0.75:-0.21
AG18354_5.hap2	GYPE	GYPE	255506	290311	-	gene_conversion	NM_198682.3	GYPE:628330-631403:0.98:0.01,GYPB:628128-628329:0.96:0.03,GYPE:596598-628127:0.98:0.26
AG18354_5.hap2	GYPB	GYPE	379504	407087	-	fusion	XM_011531904.4_2	GYPE:617730-631403:0.96:0.37,GYPA:617510-617729:0.99:0.07,GYPE:606939-617509:0.97:0.01,GYPB:605943-606938:0.97:0.02,GYPE:603820-605942:0.96:-0.01
AG18354_5.hap2	GYPB	GYPB	488460	511915	-	fusion	NM_002100.6	GYPB:626664-631403:0.96:0.01,GYPE:626239-626663:0.97:0.03,GYPB:619520-626238:0.98:0.02,GYPA:619300-619519:0.98:0.07,GYPB:607948-619299:0.97:0.01
AG18354_5.hap2	GYPA	GYPE	609079	645744	-	fusion	NM_002099.8	GYPE:611236-631403:0.98:0.27,GYPA:607124-611235:0.98:0.12,GYPE:606868-607123:0.99:0.01,GYPA:605879-606867:0.99:0.02,GYPE:603337-605878:0.96:-0.01,GYPA:603010-603336:0.98:0.02,GYPE:602651-603009:0.96:-0.01,GYPA:594738-602650:0.98:0.52
AG18354_5.hap2	GYPB	GYPE	738595	764924	-	fusion	XM_011531904.4_1	GYPE:623908-631403:0.96:-0.00,GYPB:623706-623907:0.97:0.03,GYPE:619565-623705:0.97:-0.00,GYPA:619354-619564:0.98:0.06,GYPE:614820-619353:0.97:0.01,GYPA:613753-614819:0.95:0.40,GYPE:609136-613752:0.96:-0.01,GYPA:608769-609135:0.99:0.03,GYPE:608210-608768:0.97:-0.00,GYPB:607172-608209:0.98:0.02,GYPE:606349-607171:0.95:-0.01,GYPB:605383-606348:0.99:0.03,GYPE:605074-605382:0.96:0.00
AG18356_6.hap1	GYPE	GYPE	145343	175099	-	fusion	NM_198682.3_1	GYPE:617585-631403:0.96:-0.00,GYPA:610606-617584:0.98:0.08,GYPE:607028-610605:0.95:0.00,GYPA:606723-607027:0.97:0.02,GYPE:601647-606722:0.97:0.46
AG18356_6.hap1	GYPE	GYPE	251776	286596	-	gene_conversion	NM_198682.3	GYPE:628336-631403:0.98:0.01,GYPB:628134-628335:0.97:0.03,GYPE:596583-628133:0.98:0.26
AG18356_6.hap1	GYPB	GYPE	375820	403424	-	fusion	XM_011531904.4_1	GYPE:617718-631403:0.96:0.37,GYPA:617507-617717:0.98:0.06,GYPE:603799-617506:0.97:0.04
AG18356_6.hap1	GYPB	GYPB	484972	508455	-	fusion	NM_002100.6	GYPB:626626-631403:0.95:0.01,GYPE:626201-626625:0.97:0.03,GYPB:619484-626200:0.98:0.02,GYPA:619264-619483:0.98:0.07,GYPB:607920-619263:0.98:0.01
AG18356_6.hap1	GYPA	GYPA	599483	630906	-	normal	NM_002099.8	GYPA
AG18356_6.hap2	GYPE	GYPE	145344	171586	-	fusion	NM_198682.3	GYPE:623085-631403:0.96:-0.00,GYPA:622430-623084:0.97:0.02,GYPE:622104-622429:0.97:-0.01,GYPA:621717-622103:0.99:0.03,GYPE:621065-621716:0.97:-0.01,GYPA:614120-621064:0.98:0.08,GYPE:610542-614119:0.95:0.00,GYPA:610237-610541:0.97:0.02,GYPE:605161-610236:0.97:0.46
AG18356_6.hap2	GYPB	GYPB	253287	276780	-	fusion	NM_002100.6	GYPB:626628-631403:0.95:0.01,GYPE:626203-626627:0.97:0.03,GYPB:619482-626202:0.98:0.02,GYPA:619262-619481:0.98:0.07,GYPB:607910-619261:0.98:0.01
AG18356_6.hap2	GYPA	GYPA	367766	399204	-	normal	NM_002099.8	GYPA
AG18359_7.hap1	GYPE	GYPE	145324	175070	-	fusion	NM_198682.3_1	GYPE:617014-631403:0.96:-0.00,GYPA:610616-617013:0.98:0.08,GYPE:607038-610615:0.95:0.00,GYPA:606733-607037:0.97:0.02,GYPE:601657-606732:0.97:0.46
AG18359_7.hap1	GYPE	GYPE	251752	286572	-	gene_conversion	NM_198682.3	GYPE:628336-631403:0.98:0.01,GYPB:628134-628335:0.97:0.03,GYPE:596583-628133:0.98:0.26
AG18359_7.hap1	GYPB	GYPE	375810	403414	-	fusion	XM_011531904.4_1	GYPE:617718-631403:0.96:0.37,GYPA:617507-617717:0.98:0.06,GYPE:603799-617506:0.97:0.04
AG18359_7.hap1	GYPB	GYPB	485513	508992	-	fusion	NM_002100.6	GYPB:626630-631403:0.95:0.01,GYPE:626205-626629:0.97:0.03,GYPB:619488-626204:0.98:0.02,GYPA:619268-619487:0.98:0.07,GYPB:607924-619267:0.98:0.01
AG18359_7.hap1	GYPA	GYPA	600024	631482	-	normal	NM_002099.8	GYPA
AG18359_7.hap2	GYPB	GYPA	148876	175039	-	gene_conversion	XM_011531904.4_3	GYPA:628549-631403:0.96:-0.01,GYPB:627993-628548:0.96:0.02,GYPA:626706-627992:0.96:0.00,GYPE:626273-626705:0.97:0.03,GYPA:610666-626272:0.97:0.04,GYPE:610194-610665:0.97:0.02,GYPA:608009-610193:0.95:-0.01,GYPE:607528-608008:0.92:0.03,GYPA:605240-607527:0.75:-0.21
AG18359_7.hap2	GYPE	GYPE	255986	290709	-	normal	NM_198682.3	GYPE
AG18359_7.hap2	GYPB	GYPE	379988	407572	-	fusion	XM_011531904.4_2	GYPE:617730-631403:0.96:0.37,GYPA:617510-617729:0.99:0.07,GYPE:606939-617509:0.97:0.01,GYPB:605943-606938:0.97:0.02,GYPE:603819-605942:0.96:-0.01
AG18359_7.hap2	GYPB	GYPB	489551	513010	-	fusion	NM_002100.6	GYPB:626666-631403:0.96:0.01,GYPE:626241-626665:0.97:0.03,GYPB:619516-626240:0.98:0.01,GYPA:619296-619515:0.98:0.07,GYPB:607944-619295:0.97:0.01
AG18359_7.hap2	GYPA	GYPE	610167	646839	-	fusion	NM_002099.8	GYPE:611235-631403:0.98:0.27,GYPA:607123-611234:0.98:0.12,GYPE:606867-607122:0.99:0.01,GYPA:605790-606866:0.99:0.02,GYPE:603336-605789:0.96:-0.01,GYPA:603009-603335:0.98:0.02,GYPE:602650-603008:0.96:-0.01,GYPA:594731-602649:0.98:0.52
AG18359_7.hap2	GYPB	GYPE	739719	766054	-	fusion	XM_011531904.4_1	GYPE:623908-631403:0.96:-0.00,GYPB:623706-623907:0.97:0.03,GYPE:619565-623705:0.97:-0.00,GYPA:619354-619564:0.98:0.06,GYPE:614820-619353:0.97:0.01,GYPA:613753-614819:0.95:0.40,GYPE:609131-613752:0.96:-0.01,GYPA:608764-609130:0.99:0.03,GYPE:608205-608763:0.97:-0.00,GYPB:607167-608204:0.98:0.02,GYPE:606568-607166:0.95:-0.03,GYPB:605377-606567:0.99:0.02,GYPE:605068-605376:0.96:0.00
AG18355_8.hap1	GYPE	GYPE	145392	175147	-	fusion	NM_198682.3_1	GYPE:617586-631403:0.96:-0.00,GYPA:610607-617585:0.97:0.08,GYPE:607029-610606:0.95:0.00,GYPA:606724-607028:0.97:0.02,GYPE:601648-606723:0.97:0.46
AG18355_8.hap1	GYPE	GYPE	251797	286559	-	gene_conversion	NM_198682.3	GYPE:628337-631403:0.98:0.01,GYPB:628135-628336:0.97:0.03,GYPE:596641-628134:0.98:0.26
AG18355_8.hap1	GYPB	GYPB	375776	399234	-	fusion	NM_002100.6	GYPB:626676-631403:0.96:0.01,GYPE:626242-626675:0.97:0.03,GYPB:619516-626241:0.98:0.02,GYPA:619296-619515:0.98:0.07,GYPB:607945-619295:0.98:0.01
AG18355_8.hap1	GYPA	GYPA	489423	520854	-	normal	NM_002099.8	GYPA
AG18355_8.hap2	GYPE	GYPE	145348	175094	-	fusion	NM_198682.3_1	GYPE:617585-631403:0.96:-0.00,GYPA:610616-617584:0.98:0.08,GYPE:607038-610615:0.95:0.00,GYPA:606733-607037:0.97:0.02,GYPE:601657-606732:0.97:0.46
AG18355_8.hap2	GYPE	GYPE	251756	286461	-	gene_conversion	NM_198682.3	GYPE:628341-631403:0.98:0.01,GYPB:628136-628340:0.97:0.02,GYPE:596698-628135:0.98:0.26
AG18355_8.hap2	GYPB	GYPE	375716	403320	-	fusion	XM_011531904.4_1	GYPE:617719-631403:0.96:0.37,GYPA:617508-617718:0.98:0.06,GYPE:603799-617507:0.97:0.05
AG18355_8.hap2	GYPB	GYPB	485111	508620	-	fusion	NM_002100.6	GYPB:626610-631403:0.95:0.01,GYPE:626185-626609:0.97:0.03,GYPB:619465-626184:0.98:0.01,GYPA:619245-619464:0.98:0.07,GYPB:607894-619244:0.98:0.01
AG18355_8.hap2	GYPA	GYPA	599622	631034	-	normal	NM_002099.8	GYPA
AG18353_9.hap1	GYPE	GYPE	145324	174596	-	fusion	NM_198682.3_1	GYPE:624006-631403:0.96:-0.00,GYPB:623734-624005:0.98:0.02,GYPE:619610-623733:0.96:-0.01,GYPA:618955-619609:0.97:0.02,GYPE:618629-618954:0.97:-0.01,GYPA:618242-618628:0.99:0.03,GYPE:617838-618241:0.98:-0.01,GYPA:611090-617837:0.98:0.08,GYPE:607512-611089:0.95:0.00,GYPA:607207-607511:0.97:0.02,GYPE:602131-607206:0.97:0.46
AG18353_9.hap1	GYPE	GYPE	255541	290271	-	normal	NM_198682.3	GYPE
AG18353_9.hap1	GYPB	GYPE	379520	407107	-	fusion	XM_011531904.4_1	GYPE:617730-631403:0.96:0.37,GYPA:617510-617729:0.99:0.07,GYPE:606939-617509:0.97:0.01,GYPB:605943-606938:0.97:0.02,GYPE:603816-605942:0.95:-0.01
AG18353_9.hap1	GYPB	GYPB	488774	512273	-	fusion	NM_002100.6	GYPB:626620-631403:0.95:0.01,GYPE:626195-626619:0.97:0.03,GYPB:619475-626194:0.98:0.01,GYPA:619255-619474:0.98:0.07,GYPB:607904-619254:0.98:0.01
AG18353_9.hap1	GYPA	GYPA	603313	634726	-	normal	NM_002099.8	GYPA
AG18353_9.hap2	GYPB	GYPA	148877	175040	-	gene_conversion	XM_011531904.4_3	GYPA:628549-631403:0.96:-0.01,GYPB:627993-628548:0.96:0.02,GYPA:626706-627992:0.96:0.00,GYPE:626273-626705:0.97:0.03,GYPA:610666-626272:0.97:0.04,GYPE:610194-610665:0.97:0.02,GYPA:608009-610193:0.95:-0.01,GYPE:607528-608008:0.92:0.03,GYPA:605240-607527:0.75:-0.21
AG18353_9.hap2	GYPE	GYPE	255982	290705	-	normal	NM_198682.3	GYPE
AG18353_9.hap2	GYPB	GYPE	379973	407557	-	fusion	XM_011531904.4_2	GYPE:617730-631403:0.96:0.37,GYPA:617510-617729:0.99:0.07,GYPE:606939-617509:0.97:0.01,GYPB:605943-606938:0.97:0.02,GYPE:603819-605942:0.96:-0.01
AG18353_9.hap2	GYPB	GYPB	489533	512992	-	fusion	NM_002100.6	GYPB:626666-631403:0.96:0.01,GYPE:626241-626665:0.97:0.03,GYPB:619516-626240:0.98:0.01,GYPA:619296-619515:0.98:0.07,GYPB:607944-619295:0.97:0.01
AG18353_9.hap2	GYPA	GYPE	610148	646816	-	fusion	NM_002099.8	GYPE:611235-631403:0.98:0.27,GYPA:607123-611234:0.98:0.12,GYPE:606867-607122:0.99:0.01,GYPA:605790-606866:0.99:0.02,GYPE:603336-605789:0.96:-0.01,GYPA:603009-603335:0.98:0.02,GYPE:602650-603008:0.96:-0.01,GYPA:594735-602649:0.98:0.52
AG18353_9.hap2	GYPB	GYPE	739690	766025	-	fusion	XM_011531904.4_1	GYPE:623908-631403:0.96:-0.00,GYPB:623706-623907:0.97:0.03,GYPE:619565-623705:0.97:-0.00,GYPA:619354-619564:0.98:0.06,GYPE:614820-619353:0.97:0.01,GYPA:613753-614819:0.95:0.40,GYPE:609131-613752:0.96:-0.01,GYPA:608764-609130:0.99:0.03,GYPE:608205-608763:0.97:-0.00,GYPB:607167-608204:0.98:0.02,GYPE:606568-607166:0.95:-0.03,GYPB:605377-606567:0.99:0.02,GYPE:605068-605376:0.96:0.00
AG18361_10.hap1	GYPE	GYPE	145324	174596	-	fusion	NM_198682.3_1	GYPE:624006-631403:0.96:-0.00,GYPB:623734-624005:0.98:0.02,GYPE:619610-623733:0.96:-0.01,GYPA:618955-619609:0.97:0.02,GYPE:618629-618954:0.97:-0.01,GYPA:618242-618628:0.99:0.03,GYPE:617838-618241:0.98:-0.01,GYPA:611090-617837:0.98:0.08,GYPE:607512-611089:0.95:0.00,GYPA:607207-607511:0.97:0.02,GYPE:602131-607206:0.97:0.46
AG18361_10.hap1	GYPE	GYPE	255543	290275	-	normal	NM_198682.3	GYPE
AG18361_10.hap1	GYPB	GYPE	379516	407103	-	fusion	XM_011531904.4_1	GYPE:617730-631403:0.96:0.37,GYPA:617510-617729:0.99:0.07,GYPE:606939-617509:0.97:0.01,GYPB:605943-606938:0.97:0.02,GYPE:603816-605942:0.95:-0.01
AG18361_10.hap1	GYPB	GYPB	488770	512270	-	fusion	NM_002100.6	GYPB:626620-631403:0.95:0.01,GYPE:626195-626619:0.97:0.03,GYPB:619474-626194:0.98:0.02,GYPA:619254-619473:0.98:0.07,GYPB:607903-619253:0.98:0.01
AG18361_10.hap1	GYPA	GYPA	603305	634717	-	normal	NM_002099.8	GYPA
AG18361_10.hap2	GYPE	GYPE	145329	175085	-	fusion	NM_198682.3_1	GYPE:617585-631403:0.96:-0.00,GYPA:610606-617584:0.98:0.08,GYPE:607028-610605:0.95:0.00,GYPA:606723-607027:0.97:0.02,GYPE:601647-606722:0.97:0.46
AG18361_10.hap2	GYPE	GYPE	251763	286582	-	gene_conversion	NM_198682.3	GYPE:628341-631403:0.98:0.01,GYPB:628134-628340:0.97:0.03,GYPE:596584-628133:0.98:0.26
AG18361_10.hap2	GYPB	GYPE	375800	403404	-	fusion	XM_011531904.4_1	GYPE:617718-631403:0.96:0.37,GYPA:617507-617717:0.98:0.06,GYPE:603799-617506:0.97:0.04
AG18361_10.hap2	GYPB	GYPB	485142	508641	-	fusion	NM_002100.6	GYPB:626610-631403:0.95:0.01,GYPE:626185-626609:0.97:0.03,GYPB:619468-626184:0.98:0.02,GYPA:619248-619467:0.98:0.07,GYPB:607904-619247:0.98:0.01
AG18361_10.hap2	GYPA	GYPA	599668	631109	-	normal	NM_002099.8	GYPA
AG18360_11.hap1	GYPE	GYPE	145398	175115	-	fusion	NM_198682.3_1	GYPE:624005-631403:0.96:-0.00,GYPB:623733-624004:0.98:0.02,GYPE:619608-623732:0.96:-0.01,GYPA:618953-619607:0.97:0.02,GYPE:618627-618952:0.97:-0.01,GYPA:618240-618626:0.99:0.03,GYPE:617588-618239:0.98:-0.01,GYPA:610643-617587:0.98:0.08,GYPE:601686-610642:0.96:0.26
AG18360_11.hap1	GYPE	GYPE	256095	290825	-	gene_conversion	NM_198682.3	GYPE:628330-631403:0.98:0.01,GYPB:628127-628329:0.97:0.03,GYPE:596673-628126:0.98:0.26
AG18360_11.hap1	GYPB	GYPE	380075	407656	-	fusion	XM_011531904.4_1	GYPE:617730-631403:0.96:0.37,GYPA:617510-617729:0.99:0.07,GYPE:606940-617509:0.97:0.01,GYPB:605944-606939:0.97:0.02,GYPE:603822-605943:0.96:-0.01
AG18360_11.hap1	GYPB	GYPB	489091	512561	-	fusion	NM_002100.6	GYPB:626656-631403:0.96:0.01,GYPE:626231-626655:0.97:0.03,GYPB:619505-626230:0.98:0.02,GYPA:619285-619504:0.98:0.07,GYPB:607933-619284:0.98:0.01
AG18360_11.hap1	GYPA	GYPA	602742	634176	-	normal	NM_002099.8	GYPA
AG18360_11.hap2	GYPE	GYPE	145321	175067	-	fusion	NM_198682.3_1	GYPE:617014-631403:0.96:-0.00,GYPA:610616-617013:0.98:0.08,GYPE:607038-610615:0.95:0.00,GYPA:606733-607037:0.97:0.02,GYPE:601657-606732:0.97:0.46
AG18360_11.hap2	GYPE	GYPE	251748	286568	-	gene_conversion	NM_198682.3	GYPE:628336-631403:0.98:0.01,GYPB:628134-628335:0.97:0.03,GYPE:596583-628133:0.98:0.26
AG18360_11.hap2	GYPB	GYPE	375806	403410	-	fusion	XM_011531904.4_1	GYPE:617718-631403:0.96:0.37,GYPA:617507-617717:0.98:0.06,GYPE:603799-617506:0.97:0.04
AG18360_11.hap2	GYPB	GYPB	485505	508984	-	fusion	NM_002100.6	GYPB:626630-631403:0.95:0.01,GYPE:626205-626629:0.97:0.03,GYPB:619488-626204:0.98:0.02,GYPA:619268-619487:0.98:0.07,GYPB:607924-619267:0.98:0.01
AG18360_11.hap2	GYPA	GYPA	600016	631474	-	normal	NM_002099.8	GYPA
AG16618_12.hap1	GYPE	GYPE	145340	175090	-	fusion	NM_198682.3_1	GYPE:617586-631403:0.96:-0.00,GYPA:610612-617585:0.98:0.08,GYPE:607034-610611:0.95:0.00,GYPA:606729-607033:0.97:0.02,GYPE:601653-606728:0.97:0.46
AG16618_12.hap1	GYPE	GYPE	251753	286514	-	gene_conversion	NM_198682.3	GYPE:628341-631403:0.98:0.01,GYPB:628133-628340:0.97:0.03,GYPE:596642-628132:0.98:0.26
AG16618_12.hap1	GYPB	GYPE	375746	403350	-	fusion	XM_011531904.4_1	GYPE:617718-631403:0.96:0.37,GYPA:617507-617717:0.98:0.06,GYPE:603799-617506:0.97:0.04
AG16618_12.hap1	GYPB	GYPB	485154	508662	-	fusion	NM_002100.6	GYPB:626614-631403:0.95:0.01,GYPE:626189-626613:0.97:0.03,GYPB:619467-626188:0.98:0.02,GYPA:619247-619466:0.98:0.07,GYPB:607895-619246:0.98:0.01
AG16618_12.hap1	GYPA	GYPA	599755	631203	-	normal	NM_002099.8	GYPA
AG16618_12.hap2	GYPE	GYPE	148371	179471	-	fusion	NM_198682.3	GYPE:617762-631403:0.96:0.37,GYPA:617551-617761:0.98:0.06,GYPE:600303-617550:0.97:0.14
AG16618_12.hap2	GYPB	GYPB	261391	284873	-	fusion	NM_002100.6	GYPB:626641-631403:0.95:0.01,GYPE:626216-626640:0.97:0.03,GYPB:619492-626215:0.98:0.02,GYPA:619272-619491:0.98:0.07,GYPB:607921-619271:0.98:0.01
AG16618_12.hap2	GYPA	GYPA	375775	407209	-	normal	NM_002099.8	GYPA
AG06939_13.hap1	GYPE	GYPE	145335	175091	-	fusion	NM_198682.3_1	GYPE:617585-631403:0.96:-0.00,GYPA:610606-617584:0.98:0.08,GYPE:607028-610605:0.95:0.00,GYPA:606723-607027:0.97:0.02,GYPE:601647-606722:0.97:0.46
AG06939_13.hap1	GYPE	GYPE	251769	286589	-	gene_conversion	NM_198682.3	GYPE:628336-631403:0.98:0.01,GYPB:628134-628335:0.97:0.03,GYPE:596583-628133:0.98:0.26
AG06939_13.hap1	GYPB	GYPE	375814	403418	-	fusion	XM_011531904.4_1	GYPE:617718-631403:0.96:0.37,GYPA:617507-617717:0.98:0.06,GYPE:603799-617506:0.97:0.04
AG06939_13.hap1	GYPB	GYPB	485158	508641	-	fusion	NM_002100.6	GYPB:626626-631403:0.95:0.01,GYPE:626201-626625:0.97:0.03,GYPB:619484-626200:0.98:0.02,GYPA:619264-619483:0.98:0.07,GYPB:607920-619263:0.98:0.01
AG06939_13.hap1	GYPA	GYPA	599669	631094	-	normal	NM_002099.8	GYPA
AG06939_13.hap2	GYPE	GYPE	145338	175092	-	fusion	NM_198682.3_1	GYPE:617586-631403:0.96:-0.00,GYPA:610608-617585:0.98:0.08,GYPE:607030-610607:0.95:0.00,GYPA:606725-607029:0.97:0.02,GYPE:601649-606724:0.97:0.46
AG06939_13.hap2	GYPE	GYPE	251774	286594	-	gene_conversion	NM_198682.3	GYPE:628336-631403:0.98:0.01,GYPB:628134-628335:0.97:0.03,GYPE:596583-628133:0.98:0.26
AG06939_13.hap2	GYPB	GYPE	375834	403438	-	fusion	XM_011531904.4_1	GYPE:617718-631403:0.96:0.37,GYPA:617507-617717:0.98:0.06,GYPE:603799-617506:0.97:0.04
AG06939_13.hap2	GYPB	GYPB	485436	508926	-	fusion	NM_002100.6	GYPB:626618-631403:0.95:0.01,GYPE:626193-626617:0.97:0.03,GYPB:619476-626192:0.98:0.02,GYPA:619256-619475:0.98:0.07,GYPB:607913-619255:0.98:0.01
AG06939_13.hap2	GYPA	GYPA	599950	631403	-	normal	NM_002099.8	GYPA
