window_chr,window_start,window_end,ensembl_transcript_id,ensembl_gene_id_version,gene_name,gene_type,avg_tmrca_generations,avg_tmrca_myr
chr1,236539000,236540000,ENST00000481485,NA,NA,NA,259538.0193,7.267064541
chr1,236539000,236540000,ENST00000527974,ENSG00000116977.19,LGALS8,protein_coding,259538.0193,7.267064541
chr2,1151000,1152000,ENST00000452177,NA,NA,NA,260238.5895,7.286680507
chr2,1156000,1157000,ENST00000452177,NA,NA,NA,242970.3617,6.803170127
chr2,1157000,1158000,ENST00000452177,NA,NA,NA,237044.0221,6.63723262
chr2,1151000,1152000,ENST00000308624,ENSG00000172554.12,SNTG2,protein_coding,260238.5895,7.286680507
chr2,1156000,1157000,ENST00000308624,ENSG00000172554.12,SNTG2,protein_coding,242970.3617,6.803170127
chr2,1157000,1158000,ENST00000308624,ENSG00000172554.12,SNTG2,protein_coding,237044.0221,6.63723262
chr2,1741000,1742000,ENST00000433670,NA,NA,NA,234701.0863,6.571630418
chr2,1741000,1742000,ENST00000425171,ENSG00000130508.11,PXDN,protein_coding,234701.0863,6.571630418
chr2,18095000,18096000,ENST00000465292,NA,NA,NA,231341.2873,6.477556045
chr2,18097000,18098000,ENST00000465292,NA,NA,NA,230951.8633,6.466652174
chr2,88861000,88862000,ENST00000390240,ENSG00000211595.2,IGKJ3,IG_J_gene,257420.3959,7.207771084
chr2,88861000,88862000,ENST00000624935,ENSG00000240040.6,ENSG00000240040,lncRNA,257420.3959,7.207771084
chr2,88861000,88862000,ENST00000390241,ENSG00000211596.3,IGKJ2,IG_J_gene,257420.3959,7.207771084
chr2,88861000,88862000,ENST00000390242,ENSG00000211597.2,IGKJ1,IG_J_gene,257420.3959,7.207771084
chr2,230575000,230576000,ENST00000414539,ENSG00000235419.6,ENSG00000235419,lncRNA,258875.2689,7.248507529
chr3,3973000,3974000,ENST00000661097,ENSG00000287720.1,ENSG00000287720,lncRNA,236702.086,6.627658409
chr3,3973000,3974000,ENST00000448413,NA,NA,NA,236702.086,6.627658409
chr3,7324000,7325000,ENST00000461677,NA,NA,NA,236900.7016,6.633219644
chr3,7329000,7330000,ENST00000461677,NA,NA,NA,260224.6165,7.286289262
chr3,7324000,7325000,ENST00000389336,ENSG00000196277.17,GRM7,protein_coding,236900.7016,6.633219644
chr3,7329000,7330000,ENST00000389336,ENSG00000196277.17,GRM7,protein_coding,260224.6165,7.286289262
chr3,8607000,8608000,ENST00000439407,NA,NA,NA,238994.8902,6.691856927
chr3,41821000,41822000,ENST00000460406,NA,NA,NA,228025.5972,6.384716722
chr3,41490000,41491000,ENST00000301831,ENSG00000168038.11,ULK4,protein_coding,235196.0704,6.585489972
chr3,41821000,41822000,ENST00000301831,ENSG00000168038.11,ULK4,protein_coding,228025.5972,6.384716722
chr3,98273000,98274000,ENST00000688712,NA,NA,NA,241623.7199,6.765464157
chr3,98277000,98278000,ENST00000688712,NA,NA,NA,246006.2054,6.888173752
chr3,98240000,98241000,ENST00000508616,ENSG00000251088.1,ENSG00000251088,lncRNA,270512.8787,7.574360602
chr3,98273000,98274000,ENST00000508616,ENSG00000251088.1,ENSG00000251088,lncRNA,241623.7199,6.765464157
chr3,98277000,98278000,ENST00000508616,ENSG00000251088.1,ENSG00000251088,lncRNA,246006.2054,6.888173752
chr4,5616000,5617000,ENST00000475313,NA,NA,NA,267024.4683,7.476685112
chr4,5618000,5619000,ENST00000475313,NA,NA,NA,239636.6943,6.70982744
chr4,5616000,5617000,ENST00000344408,ENSG00000173040.13,EVC2,protein_coding,267024.4683,7.476685112
chr4,5618000,5619000,ENST00000344408,ENSG00000173040.13,EVC2,protein_coding,239636.6943,6.70982744
chr4,5929000,5930000,ENST00000639345,NA,NA,NA,240584.8392,6.736375498
chr4,57052000,57053000,ENST00000512512,NA,NA,NA,227890.5135,6.380934377
chr4,57052000,57053000,ENST00000295666,ENSG00000163453.11,IGFBP7,protein_coding,227890.5135,6.380934377
chr4,58943000,58944000,ENST00000513551,ENSG00000251339.7,ENSG00000251339,lncRNA,251593.4655,7.044617034
chr4,58943000,58944000,ENST00000510371,NA,NA,NA,251593.4655,7.044617034
chr4,70518000,70519000,ENST00000339336,ENSG00000187689.10,AMTN,protein_coding,241665.625,6.766637501
chr4,77304000,77305000,ENST00000497512,NA,NA,NA,231851.4908,6.491841743
chr4,77370000,77371000,ENST00000497512,NA,NA,NA,231527.3115,6.482764722
chr4,77406000,77407000,ENST00000497512,NA,NA,NA,238886.7814,6.68882988
chr4,77406000,77407000,ENST00000513871,ENSG00000249036.1,ENSG00000249036,lncRNA,238886.7814,6.68882988
chr4,165430000,165431000,ENST00000513982,NA,NA,NA,250274.1258,7.007675523
chr4,165430000,165431000,ENST00000402744,ENSG00000109472.14,CPE,protein_coding,250274.1258,7.007675523
chr5,8526000,8527000,ENST00000505784,NA,NA,NA,252418.4351,7.067716182
chr5,8526000,8527000,ENST00000659580,ENSG00000249782.3,ENSG00000249782,lncRNA,252418.4351,7.067716182
chr5,8543000,8544000,ENST00000659580,ENSG00000249782.3,ENSG00000249782,lncRNA,270202.6153,7.565673229
chr5,8543000,8544000,ENST00000657075,NA,NA,NA,270202.6153,7.565673229
chr5,125145000,125146000,ENST00000512965,NA,NA,NA,228683.6028,6.403140877
chr5,125146000,125147000,ENST00000512965,NA,NA,NA,243583.94,6.820350319
chr5,125145000,125146000,ENST00000647105,ENSG00000260192.4,LINC02240,lncRNA,228683.6028,6.403140877
chr5,125146000,125147000,ENST00000647105,ENSG00000260192.4,LINC02240,lncRNA,243583.94,6.820350319
chr6,8351000,8352000,ENST00000651914,NA,NA,NA,242038.2702,6.777071565
chr6,8351000,8352000,ENST00000644718,ENSG00000285216.2,ENSG00000285216,lncRNA,242038.2702,6.777071565
chr6,29533000,29534000,ENST00000648831,ENSG00000224582.7,LINC01015,lncRNA,239331.5254,6.70128271
chr6,29533000,29534000,ENST00000647732,NA,NA,NA,239331.5254,6.70128271
chr6,29850000,29851000,ENST00000647952,ENSG00000290870.1,ENSG00000290870,lncRNA,344043.6627,9.633222557
chr6,31012000,31013000,ENST00000561890,ENSG00000261272.1,MUC22,protein_coding,240378.1084,6.730587036
chr6,31112000,31113000,ENST00000259870,ENSG00000204542.3,C6orf15,protein_coding,236618.7381,6.625324666
chr6,31115000,31116000,ENST00000493289,NA,NA,NA,335067.6739,9.381894869
chr6,31116000,31117000,ENST00000493289,NA,NA,NA,272485.9387,7.629606283
chr6,31115000,31116000,ENST00000376288,ENSG00000204539.4,CDSN,protein_coding,335067.6739,9.381894869
chr6,31116000,31117000,ENST00000376288,ENSG00000204539.4,CDSN,protein_coding,272485.9387,7.629606283
chr6,31120000,31121000,ENST00000376288,ENSG00000204539.4,CDSN,protein_coding,240286.7013,6.728027635
chr6,31120000,31121000,ENST00000548049,NA,NA,NA,240286.7013,6.728027635
chr6,31123000,31124000,ENST00000548049,NA,NA,NA,285816.0938,8.002850627
chr6,31125000,31126000,ENST00000548049,NA,NA,NA,291175.4009,8.152911224
chr6,31126000,31127000,ENST00000548049,NA,NA,NA,295051.0479,8.261429342
chr6,31128000,31129000,ENST00000548049,NA,NA,NA,272994.9147,7.643857613
chr6,31138000,31139000,ENST00000550838,NA,NA,NA,283585.8489,7.94040377
chr6,31138000,31139000,ENST00000259845,ENSG00000204538.4,PSORS1C2,protein_coding,283585.8489,7.94040377
chr6,31139000,31140000,ENST00000259845,ENSG00000204538.4,PSORS1C2,protein_coding,301667.1082,8.446679029
chr6,31139000,31140000,ENST00000552747,NA,NA,NA,301667.1082,8.446679029
chr6,31138000,31139000,ENST00000547221,ENSG00000204540.11,PSORS1C1,protein_coding,283585.8489,7.94040377
chr6,31139000,31140000,ENST00000547221,ENSG00000204540.11,PSORS1C1,protein_coding,301667.1082,8.446679029
chr6,31115000,31116000,ENST00000259881,ENSG00000204540.11,PSORS1C1,protein_coding,335067.6739,9.381894869
chr6,31116000,31117000,ENST00000259881,ENSG00000204540.11,PSORS1C1,protein_coding,272485.9387,7.629606283
chr6,31120000,31121000,ENST00000259881,ENSG00000204540.11,PSORS1C1,protein_coding,240286.7013,6.728027635
chr6,31123000,31124000,ENST00000259881,ENSG00000204540.11,PSORS1C1,protein_coding,285816.0938,8.002850627
chr6,31125000,31126000,ENST00000259881,ENSG00000204540.11,PSORS1C1,protein_coding,291175.4009,8.152911224
chr6,31126000,31127000,ENST00000259881,ENSG00000204540.11,PSORS1C1,protein_coding,295051.0479,8.261429342
chr6,31128000,31129000,ENST00000259881,ENSG00000204540.11,PSORS1C1,protein_coding,272994.9147,7.643857613
chr6,31145000,31146000,ENST00000486060,NA,NA,NA,288673.7365,8.082864621
chr6,31150000,31151000,ENST00000464012,NA,NA,NA,238799.7585,6.686393238
chr6,31151000,31152000,ENST00000464012,NA,NA,NA,241633.8444,6.765747642
chr6,31142000,31143000,ENST00000451521,ENSG00000204536.15,CCHCR1,protein_coding,260750.8555,7.301023954
chr6,31150000,31151000,ENST00000451521,ENSG00000204536.15,CCHCR1,protein_coding,238799.7585,6.686393238
chr6,31151000,31152000,ENST00000451521,ENSG00000204536.15,CCHCR1,protein_coding,241633.8444,6.765747642
chr6,31145000,31146000,ENST00000451521,ENSG00000204536.15,CCHCR1,protein_coding,288673.7365,8.082864621
chr6,31142000,31143000,ENST00000652427,NA,NA,NA,260750.8555,7.301023954
chr6,31173000,31174000,ENST00000412143,NA,NA,NA,280174.2801,7.844879842
chr6,31175000,31176000,ENST00000412143,NA,NA,NA,291585.8622,8.164404142
chr6,31172000,31173000,ENST00000441888,ENSG00000204531.21,POU5F1,protein_coding,402079.5372,11.25822704
chr6,31173000,31174000,ENST00000441888,ENSG00000204531.21,POU5F1,protein_coding,280174.2801,7.844879842
chr6,31175000,31176000,ENST00000441888,ENSG00000204531.21,POU5F1,protein_coding,291585.8622,8.164404142
chr6,31178000,31179000,ENST00000441888,ENSG00000204531.21,POU5F1,protein_coding,285395.0672,7.991061881
chr6,31294000,31295000,ENST00000539514,ENSG00000256166.1,LINC02571,lncRNA,382783.0003,10.71792401
chr6,31297000,31298000,ENST00000539514,ENSG00000256166.1,LINC02571,lncRNA,550810.3549,15.42268994
chr6,31300000,31301000,ENST00000539514,ENSG00000256166.1,LINC02571,lncRNA,654960.8214,18.338903
chr6,31301000,31302000,ENST00000539514,ENSG00000256166.1,LINC02571,lncRNA,624621.0021,17.48938806
chr6,31293000,31294000,ENST00000539514,ENSG00000256166.1,LINC02571,lncRNA,393869.0192,11.02833254
chr6,31308000,31309000,ENST00000421191,ENSG00000229836.1,ENSG00000229836,unprocessed_pseudogene,276549.8707,7.74339638
chr6,31369000,31370000,ENST00000649421,NA,NA,NA,663427.6659,18.57597464
chr6,31376000,31377000,ENST00000649421,NA,NA,NA,553826.1132,15.50713117
chr6,32219000,32220000,ENST00000473562,NA,NA,NA,280250.7608,7.847021303
chr6,32220000,32221000,ENST00000473562,NA,NA,NA,265465.5729,7.43303604
chr6,32222000,32223000,ENST00000473562,NA,NA,NA,249064.467,6.973805075
chr6,32224000,32225000,ENST00000473562,NA,NA,NA,262876.2658,7.360535441
chr6,32219000,32220000,ENST00000375023,ENSG00000204301.6,NOTCH4,protein_coding,280250.7608,7.847021303
chr6,32220000,32221000,ENST00000375023,ENSG00000204301.6,NOTCH4,protein_coding,265465.5729,7.43303604
chr6,32222000,32223000,ENST00000375023,ENSG00000204301.6,NOTCH4,protein_coding,249064.467,6.973805075
chr6,32224000,32225000,ENST00000375023,ENSG00000204301.6,NOTCH4,protein_coding,262876.2658,7.360535441
chr6,32303000,32304000,ENST00000611838,NA,NA,NA,235544.1467,6.595236109
chr6,32357000,32358000,ENST00000698834,NA,NA,NA,281313.5919,7.876780572
chr6,32303000,32304000,ENST00000527965,ENSG00000204296.13,TSBP1,protein_coding,235544.1467,6.595236109
chr6,32357000,32358000,ENST00000527965,ENSG00000204296.13,TSBP1,protein_coding,281313.5919,7.876780572
chr6,32371000,32372000,ENST00000527965,ENSG00000204296.13,TSBP1,protein_coding,350225.5856,9.806316398
chr6,32371000,32372000,ENST00000532023,NA,NA,NA,350225.5856,9.806316398
chr6,32387000,32388000,ENST00000646550,NA,NA,NA,233876.6579,6.548546422
chr6,32390000,32391000,ENST00000646550,NA,NA,NA,305775.7317,8.561720489
chr6,32303000,32304000,ENST00000644884,ENSG00000225914.6,TSBP1-AS1,lncRNA,235544.1467,6.595236109
chr6,32357000,32358000,ENST00000644884,ENSG00000225914.6,TSBP1-AS1,lncRNA,281313.5919,7.876780572
chr6,32371000,32372000,ENST00000644884,ENSG00000225914.6,TSBP1-AS1,lncRNA,350225.5856,9.806316398
chr6,32387000,32388000,ENST00000644884,ENSG00000225914.6,TSBP1-AS1,lncRNA,233876.6579,6.548546422
chr6,32390000,32391000,ENST00000644884,ENSG00000225914.6,TSBP1-AS1,lncRNA,305775.7317,8.561720489
chr6,32393000,32394000,ENST00000426643,ENSG00000225914.6,TSBP1-AS1,lncRNA,313142.0822,8.767978302
chr6,32393000,32394000,ENST00000454136,ENSG00000204290.11,BTNL2,protein_coding,313142.0822,8.767978302
chr6,32394000,32395000,ENST00000454136,ENSG00000204290.11,BTNL2,protein_coding,277368.8137,7.766326783
chr6,32403000,32404000,ENST00000454136,ENSG00000204290.11,BTNL2,protein_coding,281023.4379,7.868656262
chr6,32404000,32405000,ENST00000454136,ENSG00000204290.11,BTNL2,protein_coding,243336.6423,6.813425983
chr6,32394000,32395000,ENST00000374993,NA,NA,NA,277368.8137,7.766326783
chr6,32403000,32404000,ENST00000374993,NA,NA,NA,281023.4379,7.868656262
chr6,32404000,32405000,ENST00000374993,NA,NA,NA,243336.6423,6.813425983
chr6,32393000,32394000,ENST00000645167,NA,NA,NA,313142.0822,8.767978302
chr6,32394000,32395000,ENST00000642577,ENSG00000225914.6,TSBP1-AS1,lncRNA,277368.8137,7.766326783
chr6,32403000,32404000,ENST00000642577,ENSG00000225914.6,TSBP1-AS1,lncRNA,281023.4379,7.868656262
chr6,32404000,32405000,ENST00000642577,ENSG00000225914.6,TSBP1-AS1,lncRNA,243336.6423,6.813425983
chr6,32442000,32443000,ENST00000374982,ENSG00000204287.14,HLA-DRA,protein_coding,314797.6233,8.814333454
chr6,32443000,32444000,ENST00000374982,ENSG00000204287.14,HLA-DRA,protein_coding,304098.5661,8.514759851
chr6,32444000,32445000,ENST00000374982,ENSG00000204287.14,HLA-DRA,protein_coding,276968.3291,7.755113216
chr6,32445000,32446000,ENST00000374982,ENSG00000204287.14,HLA-DRA,protein_coding,270656.1835,7.578373138
chr6,32440000,32441000,ENST00000374982,ENSG00000204287.14,HLA-DRA,protein_coding,265916.3761,7.44565853
chr6,32460000,32461000,ENST00000449413,ENSG00000196301.3,HLA-DRB9,transcribed_unprocessed_pseudogene,324960.036,9.098881008
chr6,32464000,32465000,ENST00000449413,ENSG00000196301.3,HLA-DRB9,transcribed_unprocessed_pseudogene,521483.7906,14.60154614
chr6,32644000,32645000,ENST00000460633,NA,NA,NA,637408.5084,17.84743823
chr6,32730000,32731000,ENST00000425319,ENSG00000226030.1,HLA-DQB3,unprocessed_pseudogene,589215.4719,16.49803321
chr6,32824000,32825000,ENST00000652259,ENSG00000204267.19,TAP2,protein_coding,230793.797,6.462226316
chr6,32824000,32825000,ENST00000452392,ENSG00000250264.1,ENSG00000250264,protein_coding,230793.797,6.462226316
chr6,33009000,33010000,ENST00000374813,NA,NA,NA,234540.3883,6.567130871
chr6,33009000,33010000,ENST00000229829,ENSG00000204252.14,HLA-DOA,protein_coding,234540.3883,6.567130871
chr6,33068000,33069000,ENST00000437811,NA,NA,NA,611689.2867,17.12730003
chr6,33069000,33070000,ENST00000437811,NA,NA,NA,595523.1897,16.67464931
chr6,33066000,33067000,ENST00000479107,NA,NA,NA,556147.7913,15.57213816
chr6,33073000,33074000,ENST00000479107,NA,NA,NA,297222.0167,8.322216467
chr6,33064000,33065000,ENST00000692443,ENSG00000231389.8,HLA-DPA1,protein_coding,561818.7098,15.73092387
chr6,33066000,33067000,ENST00000692443,ENSG00000231389.8,HLA-DPA1,protein_coding,556147.7913,15.57213816
chr6,33068000,33069000,ENST00000692443,ENSG00000231389.8,HLA-DPA1,protein_coding,611689.2867,17.12730003
chr6,33069000,33070000,ENST00000692443,ENSG00000231389.8,HLA-DPA1,protein_coding,595523.1897,16.67464931
chr6,33073000,33074000,ENST00000692443,ENSG00000231389.8,HLA-DPA1,protein_coding,297222.0167,8.322216467
chr6,33086000,33087000,ENST00000416804,NA,NA,NA,504012.1615,14.11234052
chr6,33087000,33088000,ENST00000416804,NA,NA,NA,484655.9991,13.57036797
chr6,33086000,33087000,ENST00000418931,ENSG00000223865.12,HLA-DPB1,protein_coding,504012.1615,14.11234052
chr6,33087000,33088000,ENST00000418931,ENSG00000223865.12,HLA-DPB1,protein_coding,484655.9991,13.57036797
chr6,33088000,33089000,ENST00000418931,ENSG00000223865.12,HLA-DPB1,protein_coding,352527.4543,9.87076872
chr6,33089000,33090000,ENST00000418931,ENSG00000223865.12,HLA-DPB1,protein_coding,305999.9109,8.567997506
chr6,33921000,33922000,ENST00000451317,ENSG00000233183.4,ENSG00000233183,lncRNA,272337.2542,7.625443118
chr6,74086000,74087000,ENST00000435946,ENSG00000223786.1,ENSG00000223786,lncRNA,238316.0059,6.672848164
chr7,9654000,9655000,ENST00000657272,NA,NA,NA,243287.8294,6.812059222
chr7,12474000,12475000,ENST00000641054,NA,NA,NA,240346.0914,6.729690559
chr7,12924000,12925000,ENST00000639998,ENSG00000229618.4,ENSG00000229618,lncRNA,239263.2366,6.699370626
chr7,12924000,12925000,ENST00000638964,NA,NA,NA,239263.2366,6.699370626
chr7,19576000,19577000,ENST00000412563,NA,NA,NA,299574.127,8.388075555
chr7,19577000,19578000,ENST00000412563,NA,NA,NA,268812.4582,7.52674883
chr7,47763000,47764000,ENST00000648482,NA,NA,NA,235622.6355,6.597433794
chr7,47763000,47764000,ENST00000412730,ENSG00000146666.5,LINC00525,lncRNA,235622.6355,6.597433794
chr7,47875000,47876000,ENST00000289672,ENSG00000158683.10,PKD1L1,protein_coding,230195.7324,6.445480507
chr7,47881000,47882000,ENST00000289672,ENSG00000158683.10,PKD1L1,protein_coding,231561.3367,6.483717426
chr8,23316000,23317000,ENST00000389131,ENSG00000134013.16,LOXL2,protein_coding,277914.4273,7.781603965
chr8,23324000,23325000,ENST00000389131,ENSG00000134013.16,LOXL2,protein_coding,241393.8744,6.759028482
chr8,23327000,23328000,ENST00000389131,ENSG00000134013.16,LOXL2,protein_coding,279055.3292,7.813549217
chr8,23349000,23350000,ENST00000389131,ENSG00000134013.16,LOXL2,protein_coding,246857.6718,6.91201481
chr8,23370000,23371000,ENST00000389131,ENSG00000134013.16,LOXL2,protein_coding,238240.0512,6.670721433
chr8,23316000,23317000,ENST00000520617,NA,NA,NA,277914.4273,7.781603965
chr8,23324000,23325000,ENST00000523833,NA,NA,NA,241393.8744,6.759028482
chr8,23327000,23328000,ENST00000523833,NA,NA,NA,279055.3292,7.813549217
chr8,23349000,23350000,ENST00000523833,NA,NA,NA,246857.6718,6.91201481
chr8,23370000,23371000,ENST00000523833,NA,NA,NA,238240.0512,6.670721433
chr8,23349000,23350000,ENST00000519692,ENSG00000253837.1,LOXL2-AS1,lncRNA,246857.6718,6.91201481
chr8,23540000,23541000,ENST00000417331,NA,NA,NA,256613.818,7.185186904
chr8,23541000,23542000,ENST00000417331,NA,NA,NA,245770.187,6.881565236
chr8,23547000,23548000,ENST00000417331,NA,NA,NA,252494.3641,7.069842195
chr8,23554000,23555000,ENST00000417331,NA,NA,NA,260323.2946,7.289052247
chr8,23540000,23541000,ENST00000519973,ENSG00000147454.14,SLC25A37,protein_coding,256613.818,7.185186904
chr8,23541000,23542000,ENST00000519973,ENSG00000147454.14,SLC25A37,protein_coding,245770.187,6.881565236
chr8,23547000,23548000,ENST00000519973,ENSG00000147454.14,SLC25A37,protein_coding,252494.3641,7.069842195
chr8,23554000,23555000,ENST00000519973,ENSG00000147454.14,SLC25A37,protein_coding,260323.2946,7.289052247
chr8,57191000,57192000,ENST00000669200,ENSG00000253301.7,LINC01606,lncRNA,228789.573,6.406108043
chr8,57191000,57192000,ENST00000519314,NA,NA,NA,228789.573,6.406108043
chr8,131316000,131317000,ENST00000524275,NA,NA,NA,265174.8605,7.424896093
chr9,133256000,133257000,ENST00000679909,ENSG00000175164.16,ABO,protein_coding,245117.778,6.863297783
chr9,133256000,133257000,ENST00000453660,NA,NA,NA,245117.778,6.863297783
chr10,2050000,2051000,ENST00000685345,ENSG00000289427.2,ENSG00000289427,lncRNA,232456.9534,6.508794696
chr10,2053000,2054000,ENST00000685345,ENSG00000289427.2,ENSG00000289427,lncRNA,235408.195,6.591429461
chr10,5104000,5105000,ENST00000439082,ENSG00000196139.14,AKR1C3,protein_coding,249888.2969,6.996872313
chr10,25315000,25316000,ENST00000650135,ENSG00000151025.11,GPR158,protein_coding,228126.4146,6.38753961
chr10,26067000,26068000,ENST00000642197,NA,NA,NA,234574.6467,6.568090108
chr10,26067000,26068000,ENST00000543632,ENSG00000095777.17,MYO3A,protein_coding,234574.6467,6.568090108
chr10,54320000,54321000,ENST00000373955,ENSG00000150275.20,PCDH15,protein_coding,236357.3701,6.618006362
chr10,54320000,54321000,ENST00000414367,NA,NA,NA,236357.3701,6.618006362
chr10,57982000,57983000,ENST00000603189,ENSG00000270192.1,MRPS35P3,processed_pseudogene,306072.4967,8.570029907
chr10,66415000,66416000,ENST00000684489,NA,NA,NA,230133.4998,6.443737995
chr10,66426000,66427000,ENST00000684489,NA,NA,NA,234816.8959,6.574873086
chr10,66998000,66999000,ENST00000361320,ENSG00000198739.11,LRRTM3,protein_coding,240402.5289,6.731270808
chr10,66999000,67000000,ENST00000361320,ENSG00000198739.11,LRRTM3,protein_coding,265292.6639,7.428194589
chr10,66998000,66999000,ENST00000494580,NA,NA,NA,240402.5289,6.731270808
chr10,66999000,67000000,ENST00000494580,NA,NA,NA,265292.6639,7.428194589
chr10,66415000,66416000,ENST00000682945,ENSG00000183230.18,CTNNA3,protein_coding,230133.4998,6.443737995
chr10,66426000,66427000,ENST00000682945,ENSG00000183230.18,CTNNA3,protein_coding,234816.8959,6.574873086
chr10,66998000,66999000,ENST00000682945,ENSG00000183230.18,CTNNA3,protein_coding,240402.5289,6.731270808
chr10,66999000,67000000,ENST00000682945,ENSG00000183230.18,CTNNA3,protein_coding,265292.6639,7.428194589
chr10,122565000,122566000,ENST00000667454,NA,NA,NA,232250.2325,6.50300651
chr10,122567000,122568000,ENST00000667454,NA,NA,NA,238306.5554,6.672583551
chr10,122565000,122566000,ENST00000664692,ENSG00000187908.20,DMBT1,protein_coding,232250.2325,6.50300651
chr10,122567000,122568000,ENST00000664692,ENSG00000187908.20,DMBT1,protein_coding,238306.5554,6.672583551
chr10,127392000,127393000,ENST00000623213,ENSG00000150760.13,DOCK1,protein_coding,246882.0663,6.912697856
chr10,127393000,127394000,ENST00000623213,ENSG00000150760.13,DOCK1,protein_coding,238129.1138,6.667615186
chr10,127394000,127395000,ENST00000623213,ENSG00000150760.13,DOCK1,protein_coding,261665.158,7.326624424
chr10,130483000,130484000,ENST00000439421,NA,NA,NA,229092.2759,6.414583725
chr10,130483000,130484000,ENST00000657871,ENSG00000236303.5,LINC02646,lncRNA,229092.2759,6.414583725
chr10,131196000,131197000,ENST00000483040,NA,NA,NA,230996.4048,6.467899333
chr10,131196000,131197000,ENST00000368642,ENSG00000176769.9,TCERG1L,protein_coding,230996.4048,6.467899333
chr11,3220000,3221000,ENST00000434798,NA,NA,NA,262103.0239,7.33888467
chr11,3221000,3222000,ENST00000434798,NA,NA,NA,258934.7667,7.250173468
chr11,3222000,3223000,ENST00000434798,NA,NA,NA,266727.2605,7.468363293
chr11,3220000,3221000,ENST00000420873,ENSG00000236301.6,MRGPRG-AS1,lncRNA,262103.0239,7.33888467
chr11,3221000,3222000,ENST00000420873,ENSG00000236301.6,MRGPRG-AS1,lncRNA,258934.7667,7.250173468
chr11,3222000,3223000,ENST00000420873,ENSG00000236301.6,MRGPRG-AS1,lncRNA,266727.2605,7.468363293
chr11,4736000,4737000,ENST00000380390,ENSG00000167346.9,MMP26,protein_coding,229710.0656,6.431881836
chr11,4769000,4770000,ENST00000380390,ENSG00000167346.9,MMP26,protein_coding,228667.623,6.402693444
chr11,4736000,4737000,ENST00000610003,ENSG00000272559.1,OR51F3P,unprocessed_pseudogene,229710.0656,6.431881836
chr11,4769000,4770000,ENST00000624103,ENSG00000280021.3,OR51F1,protein_coding,228667.623,6.402693444
chr11,5171000,5172000,ENST00000511110,ENSG00000176752.6,OR51A1P,transcribed_unprocessed_pseudogene,260217.4273,7.286087966
chr11,5177000,5178000,ENST00000510471,ENSG00000176748.6,OR52Z1P,unprocessed_pseudogene,247552.891,6.931480947
chr11,5351000,5352000,ENST00000380252,ENSG00000196565.15,HBG2,protein_coding,263963.1616,7.390968525
chr11,5353000,5354000,ENST00000380252,ENSG00000196565.15,HBG2,protein_coding,253338.219,7.093470133
chr11,5354000,5355000,ENST00000380252,ENSG00000196565.15,HBG2,protein_coding,277475.487,7.769313635
chr11,5382000,5383000,ENST00000380252,ENSG00000196565.15,HBG2,protein_coding,247078.5722,6.918200022
chr11,5383000,5384000,ENST00000380252,ENSG00000196565.15,HBG2,protein_coding,264293.5319,7.400218893
chr11,5386000,5387000,ENST00000380252,ENSG00000196565.15,HBG2,protein_coding,239488.9466,6.705690506
chr11,5400000,5401000,ENST00000380252,ENSG00000196565.15,HBG2,protein_coding,237184.0299,6.641152838
chr11,5403000,5404000,ENST00000380252,ENSG00000196565.15,HBG2,protein_coding,299708.8838,8.391848747
chr11,5405000,5406000,ENST00000380252,ENSG00000196565.15,HBG2,protein_coding,266074.348,7.450081745
chr11,5451000,5452000,ENST00000380252,ENSG00000196565.15,HBG2,protein_coding,271930.035,7.61404098
chr11,5351000,5352000,ENST00000380259,ENSG00000239920.2,ENSG00000239920,protein_coding,263963.1616,7.390968525
chr11,5353000,5354000,ENST00000380259,ENSG00000239920.2,ENSG00000239920,protein_coding,253338.219,7.093470133
chr11,5354000,5355000,ENST00000380259,ENSG00000239920.2,ENSG00000239920,protein_coding,277475.487,7.769313635
chr11,5382000,5383000,ENST00000380259,ENSG00000239920.2,ENSG00000239920,protein_coding,247078.5722,6.918200022
chr11,5383000,5384000,ENST00000380259,ENSG00000239920.2,ENSG00000239920,protein_coding,264293.5319,7.400218893
chr11,5386000,5387000,ENST00000380259,ENSG00000239920.2,ENSG00000239920,protein_coding,239488.9466,6.705690506
chr11,5400000,5401000,ENST00000380259,ENSG00000239920.2,ENSG00000239920,protein_coding,237184.0299,6.641152838
chr11,5403000,5404000,ENST00000380259,ENSG00000239920.2,ENSG00000239920,protein_coding,299708.8838,8.391848747
chr11,5405000,5406000,ENST00000380259,ENSG00000239920.2,ENSG00000239920,protein_coding,266074.348,7.450081745
chr11,5451000,5452000,ENST00000380259,ENSG00000239920.2,ENSG00000239920,protein_coding,271930.035,7.61404098
chr11,5533000,5534000,ENST00000380259,ENSG00000239920.2,ENSG00000239920,protein_coding,253658.212,7.102429935
chr11,5534000,5535000,ENST00000380259,ENSG00000239920.2,ENSG00000239920,protein_coding,228021.3297,6.384597231
chr11,5545000,5546000,ENST00000380259,ENSG00000239920.2,ENSG00000239920,protein_coding,239758.0694,6.713225943
chr11,5351000,5352000,ENST00000380237,ENSG00000213931.7,HBE1,protein_coding,263963.1616,7.390968525
chr11,5353000,5354000,ENST00000380237,ENSG00000213931.7,HBE1,protein_coding,253338.219,7.093470133
chr11,5354000,5355000,ENST00000380237,ENSG00000213931.7,HBE1,protein_coding,277475.487,7.769313635
chr11,5382000,5383000,ENST00000380237,ENSG00000213931.7,HBE1,protein_coding,247078.5722,6.918200022
chr11,5383000,5384000,ENST00000380237,ENSG00000213931.7,HBE1,protein_coding,264293.5319,7.400218893
chr11,5386000,5387000,ENST00000380237,ENSG00000213931.7,HBE1,protein_coding,239488.9466,6.705690506
chr11,5400000,5401000,ENST00000380237,ENSG00000213931.7,HBE1,protein_coding,237184.0299,6.641152838
chr11,5403000,5404000,ENST00000380237,ENSG00000213931.7,HBE1,protein_coding,299708.8838,8.391848747
chr11,5405000,5406000,ENST00000380237,ENSG00000213931.7,HBE1,protein_coding,266074.348,7.450081745
chr11,5451000,5452000,ENST00000380237,ENSG00000213931.7,HBE1,protein_coding,271930.035,7.61404098
chr11,5351000,5352000,ENST00000420726,NA,NA,NA,263963.1616,7.390968525
chr11,5353000,5354000,ENST00000420726,NA,NA,NA,253338.219,7.093470133
chr11,5354000,5355000,ENST00000420726,NA,NA,NA,277475.487,7.769313635
chr11,5382000,5383000,ENST00000420726,NA,NA,NA,247078.5722,6.918200022
chr11,5383000,5384000,ENST00000420726,NA,NA,NA,264293.5319,7.400218893
chr11,5386000,5387000,ENST00000420726,NA,NA,NA,239488.9466,6.705690506
chr11,5400000,5401000,ENST00000420726,NA,NA,NA,237184.0299,6.641152838
chr11,5403000,5404000,ENST00000420726,NA,NA,NA,299708.8838,8.391848747
chr11,5405000,5406000,ENST00000420726,NA,NA,NA,266074.348,7.450081745
chr11,5451000,5452000,ENST00000420726,NA,NA,NA,271930.035,7.61404098
chr11,5351000,5352000,ENST00000380219,ENSG00000176239.7,OR51B6,protein_coding,263963.1616,7.390968525
chr11,5354000,5355000,ENST00000450768,ENSG00000230087.1,ENSG00000230087,processed_pseudogene,277475.487,7.769313635
chr11,5383000,5384000,ENST00000642046,ENSG00000184698.5,OR51M1,protein_coding,264293.5319,7.400218893
chr11,5386000,5387000,ENST00000642046,ENSG00000184698.5,OR51M1,protein_coding,239488.9466,6.705690506
chr11,5403000,5404000,ENST00000332043,ENSG00000184321.1,OR51J1,unprocessed_pseudogene,299708.8838,8.391848747
chr11,5451000,5452000,ENST00000641930,ENSG00000187918.6,OR51I2,protein_coding,271930.035,7.61404098
chr11,5545000,5546000,ENST00000641796,ENSG00000181616.10,OR52H1,protein_coding,239758.0694,6.713225943
chr11,5680000,5681000,ENST00000380034,ENSG00000132256.20,TRIM5,protein_coding,231926.6192,6.493945337
chr11,5695000,5696000,ENST00000380027,ENSG00000132256.20,TRIM5,protein_coding,235459.316,6.592860847
chr11,5698000,5699000,ENST00000380027,ENSG00000132256.20,TRIM5,protein_coding,356606.1741,9.984972875
chr11,5798000,5799000,ENST00000380027,ENSG00000132256.20,TRIM5,protein_coding,235927.0518,6.605957449
chr11,5800000,5801000,ENST00000380027,ENSG00000132256.20,TRIM5,protein_coding,236119.8532,6.61135589
chr11,5801000,5802000,ENST00000380027,ENSG00000132256.20,TRIM5,protein_coding,297329.3003,8.325220409
chr11,5680000,5681000,ENST00000433961,NA,NA,NA,231926.6192,6.493945337
chr11,5695000,5696000,ENST00000412903,NA,NA,NA,235459.316,6.592860847
chr11,5698000,5699000,ENST00000412903,NA,NA,NA,356606.1741,9.984972875
chr11,5798000,5799000,ENST00000412903,NA,NA,NA,235927.0518,6.605957449
chr11,5800000,5801000,ENST00000412903,NA,NA,NA,236119.8532,6.61135589
chr11,5801000,5802000,ENST00000412903,NA,NA,NA,297329.3003,8.325220409
chr11,5913000,5914000,ENST00000412903,NA,NA,NA,260669.0916,7.298734565
chr11,5695000,5696000,ENST00000379965,ENSG00000132274.17,TRIM22,protein_coding,235459.316,6.592860847
chr11,5698000,5699000,ENST00000379965,ENSG00000132274.17,TRIM22,protein_coding,356606.1741,9.984972875
chr11,5800000,5801000,ENST00000413417,ENSG00000236965.4,OR52N3P,unprocessed_pseudogene,236119.8532,6.61135589
chr11,5801000,5802000,ENST00000413417,ENSG00000236965.4,OR52N3P,unprocessed_pseudogene,297329.3003,8.325220409
chr11,7456000,7457000,ENST00000318881,ENSG00000170743.17,SYT9,protein_coding,228554.282,6.399519895
chr11,7454000,7455000,ENST00000318881,ENSG00000170743.17,SYT9,protein_coding,258387.1689,7.23484073
chr11,7456000,7457000,ENST00000532592,NA,NA,NA,228554.282,6.399519895
chr11,7454000,7455000,ENST00000532592,NA,NA,NA,258387.1689,7.23484073
chr11,7456000,7457000,ENST00000530201,ENSG00000251364.10,SYT9-AS1,lncRNA,228554.282,6.399519895
chr11,7454000,7455000,ENST00000530201,ENSG00000251364.10,SYT9-AS1,lncRNA,258387.1689,7.23484073
chr11,13083000,13084000,ENST00000531136,ENSG00000255558.1,ENSG00000255558,lncRNA,229085.5737,6.414396063
chr11,13084000,13085000,ENST00000531136,ENSG00000255558.1,ENSG00000255558,lncRNA,240051.7009,6.721447626
chr11,26281000,26282000,ENST00000672621,ENSG00000134343.14,ANO3,protein_coding,235377.5396,6.590571108
chr11,26673000,26674000,ENST00000396005,ENSG00000148942.15,SLC5A12,protein_coding,228635.9437,6.401806422
chr11,26673000,26674000,ENST00000527405,NA,NA,NA,228635.9437,6.401806422
chr11,99624000,99625000,ENST00000524871,ENSG00000149972.12,CNTN5,protein_coding,237414.1131,6.647595167
chr11,99626000,99627000,ENST00000524871,ENSG00000149972.12,CNTN5,protein_coding,238967.6622,6.691094541
chr11,99627000,99628000,ENST00000524871,ENSG00000149972.12,CNTN5,protein_coding,242533.5968,6.790940711
chr11,99641000,99642000,ENST00000524871,ENSG00000149972.12,CNTN5,protein_coding,237058.8336,6.637647341
chr11,99994000,99995000,ENST00000524871,ENSG00000149972.12,CNTN5,protein_coding,228909.5396,6.40946711
chr11,99624000,99625000,ENST00000528727,NA,NA,NA,237414.1131,6.647595167
chr11,99626000,99627000,ENST00000528727,NA,NA,NA,238967.6622,6.691094541
chr11,99627000,99628000,ENST00000528727,NA,NA,NA,242533.5968,6.790940711
chr11,99641000,99642000,ENST00000528727,NA,NA,NA,237058.8336,6.637647341
chr11,99994000,99995000,ENST00000528727,NA,NA,NA,228909.5396,6.40946711
chr12,9254000,9255000,ENST00000566278,ENSG00000256069.8,A2MP1,transcribed_unprocessed_pseudogene,244076.3241,6.834137074
chr12,9254000,9255000,ENST00000647751,ENSG00000237248.7,LINC00987,lncRNA,244076.3241,6.834137074
chr12,9254000,9255000,ENST00000538219,NA,NA,NA,244076.3241,6.834137074
chr12,9254000,9255000,ENST00000544183,ENSG00000291254.1,ENSG00000291254,lncRNA,244076.3241,6.834137074
chr12,10557000,10558000,ENST00000544591,NA,NA,NA,229624.9755,6.429499313
chr12,11670000,11671000,ENST00000396373,ENSG00000139083.11,ETV6,protein_coding,231079.8761,6.470236531
chr12,11670000,11671000,ENST00000541426,NA,NA,NA,231079.8761,6.470236531
chr12,52630000,52631000,ENST00000550729,ENSG00000258120.2,KRT128P,unprocessed_pseudogene,235437.2621,6.592243338
chr12,52634000,52635000,ENST00000550729,ENSG00000258120.2,KRT128P,unprocessed_pseudogene,243612.2252,6.821142305
chr13,23194000,23195000,ENST00000218867,ENSG00000102683.8,SGCG,protein_coding,228489.2716,6.397699604
chr13,23196000,23197000,ENST00000218867,ENSG00000102683.8,SGCG,protein_coding,238883.8227,6.688747036
chr13,23197000,23198000,ENST00000218867,ENSG00000102683.8,SGCG,protein_coding,238392.7589,6.674997249
chr13,23303000,23304000,ENST00000218867,ENSG00000102683.8,SGCG,protein_coding,228151.9101,6.388253483
chr13,23303000,23304000,ENST00000683210,ENSG00000151835.17,SACS,protein_coding,228151.9101,6.388253483
chr14,20223000,20224000,ENST00000315519,ENSG00000176219.3,OR11H6,protein_coding,244343.9423,6.841630383
chr14,20224000,20225000,ENST00000315519,ENSG00000176219.3,OR11H6,protein_coding,242761.2608,6.797315301
chr14,20440000,20441000,ENST00000555016,NA,NA,NA,233319.7193,6.532952141
chr14,20440000,20441000,ENST00000553568,ENSG00000259162.4,ENSG00000259162,transcribed_unprocessed_pseudogene,233319.7193,6.532952141
chr14,20440000,20441000,ENST00000687238,ENSG00000291038.2,ENSG00000291038,lncRNA,233319.7193,6.532952141
chr14,22266000,22267000,ENST00000553906,ENSG00000259068.1,TRAV37,TR_V_pseudogene,240034.9673,6.720979083
chr14,22265000,22266000,ENST00000553906,ENSG00000259068.1,TRAV37,TR_V_pseudogene,280889.5059,7.864906165
chr14,22262000,22263000,ENST00000656379,ENSG00000251002.10,TRD-AS1,lncRNA,229264.2939,6.419400228
chr14,22263000,22264000,ENST00000656379,ENSG00000251002.10,TRD-AS1,lncRNA,255762.8074,7.161358608
chr14,22264000,22265000,ENST00000656379,ENSG00000251002.10,TRD-AS1,lncRNA,275041.1349,7.701151777
chr14,22266000,22267000,ENST00000656379,ENSG00000251002.10,TRD-AS1,lncRNA,240034.9673,6.720979083
chr14,22268000,22269000,ENST00000656379,ENSG00000251002.10,TRD-AS1,lncRNA,298065.5695,8.345835947
chr14,22265000,22266000,ENST00000656379,ENSG00000251002.10,TRD-AS1,lncRNA,280889.5059,7.864906165
chr14,22633000,22634000,ENST00000540461,ENSG00000255804.2,OR6J1,protein_coding,247728.756,6.936405169
chr14,22634000,22635000,ENST00000540461,ENSG00000255804.2,OR6J1,protein_coding,229205.5737,6.417756064
chr14,23726000,23727000,ENST00000664134,NA,NA,NA,228119.1174,6.387335286
chr14,23727000,23728000,ENST00000664134,NA,NA,NA,248056.9313,6.945594078
chr14,23727000,23728000,ENST00000652858,ENSG00000258464.3,ENSG00000258464,lncRNA,248056.9313,6.945594078
chr14,23726000,23727000,ENST00000667318,ENSG00000258464.3,ENSG00000258464,lncRNA,228119.1174,6.387335286
chr14,24475000,24476000,ENST00000656888,NA,NA,NA,235500.1096,6.594003068
chr14,95452000,95453000,ENST00000554873,ENSG00000176438.13,SYNE3,protein_coding,229497.1687,6.425920724
chr14,95452000,95453000,ENST00000555759,NA,NA,NA,229497.1687,6.425920724
chr15,25942000,25943000,ENST00000659702,ENSG00000206187.5,LINC02346,lncRNA,261694.9511,7.327458632
chr15,25942000,25943000,ENST00000669487,NA,NA,NA,261694.9511,7.327458632
chr15,29151000,29152000,ENST00000261275,ENSG00000104059.5,ENTREP2,protein_coding,229738.0356,6.432664997
chr15,29151000,29152000,ENST00000560021,NA,NA,NA,229738.0356,6.432664997
chr15,45027000,45028000,ENST00000674211,ENSG00000140263.15,SORD,protein_coding,290142.9766,8.124003345
chr15,45027000,45028000,ENST00000674405,NA,NA,NA,290142.9766,8.124003345
chr15,45658000,45659000,ENST00000564080,ENSG00000260170.1,ENSG00000260170,protein_coding,248729.9217,6.964437807
chr15,45658000,45659000,ENST00000568606,ENSG00000137767.14,SQOR,protein_coding,248729.9217,6.964437807
chr15,45658000,45659000,ENST00000565227,NA,NA,NA,248729.9217,6.964437807
chr15,54482000,54483000,ENST00000647821,ENSG00000137766.18,UNC13C,protein_coding,230977.9347,6.467382171
chr16,10076000,10077000,ENST00000674742,ENSG00000183454.19,GRIN2A,protein_coding,240444.5598,6.732447675
chr16,10076000,10077000,ENST00000637393,NA,NA,NA,240444.5598,6.732447675
chr17,5929000,5930000,ENST00000563763,ENSG00000284837.1,ENSG00000284837,lncRNA,248050.4951,6.945413863
chr17,5929000,5930000,ENST00000573619,ENSG00000285471.1,ENSG00000285471,protein_coding,248050.4951,6.945413863
chr17,5933000,5934000,ENST00000573619,ENSG00000285471.1,ENSG00000285471,protein_coding,318880.5618,8.92865573
chr19,6935000,6936000,ENST00000450315,ENSG00000174837.15,ADGRE1,protein_coding,255123.3819,7.143454692
chr19,6977000,6978000,ENST00000597372,ENSG00000268758.8,ADGRE4P,transcribed_unprocessed_pseudogene,262554.717,7.351532077
chr19,6977000,6978000,ENST00000640515,NA,NA,NA,262554.717,7.351532077
chr19,6977000,6978000,ENST00000600751,ENSG00000290427.2,ENSG00000290427,lncRNA,262554.717,7.351532077
chr19,28877000,28878000,ENST00000585883,NA,NA,NA,227969.0978,6.383134737
chr19,29330000,29331000,ENST00000660387,ENSG00000264515.8,VSTM2B-DT,lncRNA,232206.3185,6.501776917
chr19,29330000,29331000,ENST00000690107,NA,NA,NA,232206.3185,6.501776917
chr21,24075000,24076000,ENST00000668921,ENSG00000287801.1,ENSG00000287801,lncRNA,248063.3113,6.945772717
chr21,44603000,44604000,ENST00000642437,NA,NA,NA,234693.6236,6.571421461
chr21,44603000,44604000,ENST00000323084,ENSG00000175894.18,TSPEAR,protein_coding,234693.6236,6.571421461
chr22,22103000,22104000,ENST00000444224,ENSG00000225741.1,ENSG00000225741,unprocessed_pseudogene,253470.1693,7.09716474
chr22,22179000,22180000,ENST00000520218,ENSG00000254308.1,IGLVIV-59,IG_V_pseudogene,264757.8574,7.413220006
chr22,22198000,22199000,ENST00000521342,ENSG00000253126.1,IGLVI-56,IG_V_pseudogene,234326.6185,6.561145317
chr22,22199000,22200000,ENST00000521342,ENSG00000253126.1,IGLVI-56,IG_V_pseudogene,236185.1424,6.613183987
chr22,22520000,22521000,ENST00000302097,ENSG00000169548.3,ZNF280A,protein_coding,234213.8737,6.557988463